,Metric,Condition,participant1,participant2,r
0,roughness,walking,PPT_001,PPT_002,0.7518472012982064
0,roughness,walking,PPT_001,PPT_003,0.7481632930773177
0,roughness,walking,PPT_001,PPT_004,0.6552643736781514
0,roughness,walking,PPT_001,PPT_005,0.8449049099068254
0,roughness,walking,PPT_001,PPT_006,0.8128733801125614
0,roughness,walking,PPT_001,PPT_007,0.7955656403455522
0,roughness,walking,PPT_001,PPT_008,0.4196165191740412
0,roughness,walking,PPT_001,PPT_009,0.7584941804845364
0,roughness,walking,PPT_001,PPT_010,0.9193253190228573
0,roughness,walking,PPT_001,PPT_011,0.7196572526615953
0,roughness,walking,PPT_001,PPT_012,0.6822264287538536
0,roughness,walking,PPT_001,PPT_013,0.5478205703229758
0,roughness,walking,PPT_001,PPT_014,0.834686574171563
0,roughness,walking,PPT_001,PPT_015,0.8295205211041882
0,roughness,walking,PPT_001,PPT_016,0.6671626832225026
0,roughness,walking,PPT_001,PPT_017,0.7597643919990439
0,roughness,walking,PPT_001,PPT_018,0.6363652006774372
0,roughness,walking,PPT_001,PPT_019,0.9121132550130501
0,roughness,walking,PPT_001,PPT_020,0.9388359218300504
0,roughness,walking,PPT_002,PPT_003,0.8832001702096348
0,roughness,walking,PPT_002,PPT_004,0.7506226595248875
0,roughness,walking,PPT_002,PPT_005,0.8409763313609467
0,roughness,walking,PPT_002,PPT_006,0.751852676930688
0,roughness,walking,PPT_002,PPT_007,0.8667357690951869
0,roughness,walking,PPT_002,PPT_008,0.4497789249416579
0,roughness,walking,PPT_002,PPT_009,0.6804733727810651
0,roughness,walking,PPT_002,PPT_010,0.8043014699745136
0,roughness,walking,PPT_002,PPT_011,0.5250434164217058
0,roughness,walking,PPT_002,PPT_012,0.41238106107686817
0,roughness,walking,PPT_002,PPT_013,0.4662244443373182
0,roughness,walking,PPT_002,PPT_014,0.5794532255258509
0,roughness,walking,PPT_002,PPT_015,0.7390985019462384
0,roughness,walking,PPT_002,PPT_016,0.5607413560951042
0,roughness,walking,PPT_002,PPT_017,0.7025847478303616
0,roughness,walking,PPT_002,PPT_018,0.5011104259504828
0,roughness,walking,PPT_002,PPT_019,0.7788461538461539
0,roughness,walking,PPT_002,PPT_020,0.7416992348419258
0,roughness,walking,PPT_003,PPT_004,0.6804979419860703
0,roughness,walking,PPT_003,PPT_005,0.8735273798029582
0,roughness,walking,PPT_003,PPT_006,0.8166996678820265
0,roughness,walking,PPT_003,PPT_007,0.898127592792077
0,roughness,walking,PPT_003,PPT_008,0.37519609037144536
0,roughness,walking,PPT_003,PPT_009,0.8236753061685474
0,roughness,walking,PPT_003,PPT_010,0.8478806140667179
0,roughness,walking,PPT_003,PPT_011,0.5717545977573938
0,roughness,walking,PPT_003,PPT_012,0.47211922148588054
0,roughness,walking,PPT_003,PPT_013,0.6669172825414714
0,roughness,walking,PPT_003,PPT_014,0.6832866728873443
0,roughness,walking,PPT_003,PPT_015,0.8260407982348635
0,roughness,walking,PPT_003,PPT_016,0.7317509797994071
0,roughness,walking,PPT_003,PPT_017,0.7921570750046338
0,roughness,walking,PPT_003,PPT_018,0.6076031901879275
0,roughness,walking,PPT_003,PPT_019,0.7686148069305415
0,roughness,walking,PPT_003,PPT_020,0.7082641514099539
0,roughness,walking,PPT_004,PPT_005,0.6547347349548419
0,roughness,walking,PPT_004,PPT_006,0.5356678242355309
0,roughness,walking,PPT_004,PPT_007,0.8552191847371805
0,roughness,walking,PPT_004,PPT_008,0.6530203176039111
0,roughness,walking,PPT_004,PPT_009,0.7116681901683065
0,roughness,walking,PPT_004,PPT_010,0.6892272599947924
0,roughness,walking,PPT_004,PPT_011,0.30030394650123854
0,roughness,walking,PPT_004,PPT_012,0.3237531058939802
0,roughness,walking,PPT_004,PPT_013,0.5421273299577013
0,roughness,walking,PPT_004,PPT_014,0.4798339716326973
0,roughness,walking,PPT_004,PPT_015,0.6594909968929895
0,roughness,walking,PPT_004,PPT_016,0.6046894486468318
0,roughness,walking,PPT_004,PPT_017,0.6772057041985327
0,roughness,walking,PPT_004,PPT_018,0.45055714649552653
0,roughness,walking,PPT_004,PPT_019,0.653236486133435
0,roughness,walking,PPT_004,PPT_020,0.5635906191674322
0,roughness,walking,PPT_005,PPT_006,0.8629639099746321
0,roughness,walking,PPT_005,PPT_007,0.8190801941621181
0,roughness,walking,PPT_005,PPT_008,0.43796207305484913
0,roughness,walking,PPT_005,PPT_009,0.6553254437869821
0,roughness,walking,PPT_005,PPT_010,0.8502615539730572
0,roughness,walking,PPT_005,PPT_011,0.6759093767590949
0,roughness,walking,PPT_005,PPT_012,0.5384541665342933
0,roughness,walking,PPT_005,PPT_013,0.5605086870615847
0,roughness,walking,PPT_005,PPT_014,0.8388767997089805
0,roughness,walking,PPT_005,PPT_015,0.8159647461486471
0,roughness,walking,PPT_005,PPT_016,0.6496303425302595
0,roughness,walking,PPT_005,PPT_017,0.7284150694417719
0,roughness,walking,PPT_005,PPT_018,0.48334580228310975
0,roughness,walking,PPT_005,PPT_019,0.926775147928994
0,roughness,walking,PPT_005,PPT_020,0.7527693726753875
0,roughness,walking,PPT_006,PPT_007,0.6965046421999559
0,roughness,walking,PPT_006,PPT_008,0.2965989312330638
0,roughness,walking,PPT_006,PPT_009,0.7577786093596984
0,roughness,walking,PPT_006,PPT_010,0.8225688977978535
0,roughness,walking,PPT_006,PPT_011,0.8235132872616534
0,roughness,walking,PPT_006,PPT_012,0.4830463952154836
0,roughness,walking,PPT_006,PPT_013,0.657994201836675
0,roughness,walking,PPT_006,PPT_014,0.9171007066938204
0,roughness,walking,PPT_006,PPT_015,0.8800909929450786
0,roughness,walking,PPT_006,PPT_016,0.6965875370919882
0,roughness,walking,PPT_006,PPT_017,0.755363620564246
0,roughness,walking,PPT_006,PPT_018,0.7724242300186493
0,roughness,walking,PPT_006,PPT_019,0.9251862004792407
0,roughness,walking,PPT_006,PPT_020,0.770145687502881
0,roughness,walking,PPT_007,PPT_008,0.5799450462332063
0,roughness,walking,PPT_007,PPT_009,0.7833385129623166
0,roughness,walking,PPT_007,PPT_010,0.8910537085359466
0,roughness,walking,PPT_007,PPT_011,0.42180641893774784
0,roughness,walking,PPT_007,PPT_012,0.3946828191889687
0,roughness,walking,PPT_007,PPT_013,0.5695092714090095
0,roughness,walking,PPT_007,PPT_014,0.5669799801318096
0,roughness,walking,PPT_007,PPT_015,0.76787839828875
0,roughness,walking,PPT_007,PPT_016,0.6114922982911819
0,roughness,walking,PPT_007,PPT_017,0.7162246009838216
0,roughness,walking,PPT_007,PPT_018,0.47318277432713984
0,roughness,walking,PPT_007,PPT_019,0.7617445805707699
0,roughness,walking,PPT_007,PPT_020,0.7206824304505259
0,roughness,walking,PPT_008,PPT_009,0.2348599312503238
0,roughness,walking,PPT_008,PPT_010,0.4974127329978745
0,roughness,walking,PPT_008,PPT_011,-0.07905043397111824
0,roughness,walking,PPT_008,PPT_012,0.29238275518022294
0,roughness,walking,PPT_008,PPT_013,-0.05337358736570264
0,roughness,walking,PPT_008,PPT_014,0.2730628049898128
0,roughness,walking,PPT_008,PPT_015,0.2597786685308489
0,roughness,walking,PPT_008,PPT_016,0.04142029962357
0,roughness,walking,PPT_008,PPT_017,0.39572597333024884
0,roughness,walking,PPT_008,PPT_018,0.18329682899884367
0,roughness,walking,PPT_008,PPT_019,0.42836088089681706
0,roughness,walking,PPT_008,PPT_020,0.24023587952637082
0,roughness,walking,PPT_009,PPT_010,0.7635304277177412
0,roughness,walking,PPT_009,PPT_011,0.6452880679777436
0,roughness,walking,PPT_009,PPT_012,0.4725708017468647
0,roughness,walking,PPT_009,PPT_013,0.795105700454248
0,roughness,walking,PPT_009,PPT_014,0.7043608723547651
0,roughness,walking,PPT_009,PPT_015,0.8329640116934105
0,roughness,walking,PPT_009,PPT_016,0.8955565383341889
0,roughness,walking,PPT_009,PPT_017,0.8464965396653622
0,roughness,walking,PPT_009,PPT_018,0.8090305695182832
0,roughness,walking,PPT_009,PPT_019,0.6849112426035503
0,roughness,walking,PPT_009,PPT_020,0.745389280786413
0,roughness,walking,PPT_010,PPT_011,0.6242689847959998
0,roughness,walking,PPT_010,PPT_012,0.5632933389545152
0,roughness,walking,PPT_010,PPT_013,0.5937506574092374
0,roughness,walking,PPT_010,PPT_014,0.7407439922990096
0,roughness,walking,PPT_010,PPT_015,0.8296332713748906
0,roughness,walking,PPT_010,PPT_016,0.6414255665138497
0,roughness,walking,PPT_010,PPT_017,0.7625814739363315
0,roughness,walking,PPT_010,PPT_018,0.6053419125622371
0,roughness,walking,PPT_010,PPT_019,0.8947390546168092
0,roughness,walking,PPT_010,PPT_020,0.8106588704502612
0,roughness,walking,PPT_011,PPT_012,0.4484354928469312
0,roughness,walking,PPT_011,PPT_013,0.658182750100235
0,roughness,walking,PPT_011,PPT_014,0.8455685386379074
0,roughness,walking,PPT_011,PPT_015,0.6880972573911304
0,roughness,walking,PPT_011,PPT_016,0.7105700480459316
0,roughness,walking,PPT_011,PPT_017,0.5842442080554399
0,roughness,walking,PPT_011,PPT_018,0.7227495464382602
0,roughness,walking,PPT_011,PPT_019,0.7610515523950473
0,roughness,walking,PPT_011,PPT_020,0.7578780096841611
0,roughness,walking,PPT_012,PPT_013,0.3061498902162365
0,roughness,walking,PPT_012,PPT_014,0.5933249703072716
0,roughness,walking,PPT_012,PPT_015,0.48847713308858937
0,roughness,walking,PPT_012,PPT_016,0.49933801056845095
0,roughness,walking,PPT_012,PPT_017,0.6330293057961696
0,roughness,walking,PPT_012,PPT_018,0.4745486789411817
0,roughness,walking,PPT_012,PPT_019,0.5742426609867237
0,roughness,walking,PPT_012,PPT_020,0.5827115917457049
0,roughness,walking,PPT_013,PPT_014,0.6327955859306693
0,roughness,walking,PPT_013,PPT_015,0.8234502935322894
0,roughness,walking,PPT_013,PPT_016,0.9137569198387272
0,roughness,walking,PPT_013,PPT_017,0.7126051048359683
0,roughness,walking,PPT_013,PPT_018,0.6552777820772299
0,roughness,walking,PPT_013,PPT_019,0.5902045115416686
0,roughness,walking,PPT_013,PPT_020,0.5526022954341293
0,roughness,walking,PPT_014,PPT_015,0.8301329394387003
0,roughness,walking,PPT_014,PPT_016,0.7335325265000613
0,roughness,walking,PPT_014,PPT_017,0.7396763207733171
0,roughness,walking,PPT_014,PPT_018,0.7448233001554869
0,roughness,walking,PPT_014,PPT_019,0.9009610738724646
0,roughness,walking,PPT_014,PPT_020,0.7595878468559489
0,roughness,walking,PPT_015,PPT_016,0.8282773936968401
0,roughness,walking,PPT_015,PPT_017,0.8606204051270797
0,roughness,walking,PPT_015,PPT_018,0.7352079050194181
0,roughness,walking,PPT_015,PPT_019,0.8610497547673677
0,roughness,walking,PPT_015,PPT_020,0.7890864040154031
0,roughness,walking,PPT_016,PPT_017,0.8595771924816226
0,roughness,walking,PPT_016,PPT_018,0.7264642470424917
0,roughness,walking,PPT_016,PPT_019,0.6496303425302595
0,roughness,walking,PPT_016,PPT_020,0.6489327386060744
0,roughness,walking,PPT_017,PPT_018,0.748156883629515
0,roughness,walking,PPT_017,PPT_019,0.7461272899753105
0,roughness,walking,PPT_017,PPT_020,0.6804123711340206
0,roughness,walking,PPT_018,PPT_019,0.6195412503996368
0,roughness,walking,PPT_018,PPT_020,0.6322036450018408
0,roughness,walking,PPT_019,PPT_020,0.8073820526537979
0,hardness,walking,PPT_001,PPT_002,0.9142708401545718
0,hardness,walking,PPT_001,PPT_003,0.7253397022301099
0,hardness,walking,PPT_001,PPT_004,0.7879234167893961
0,hardness,walking,PPT_001,PPT_005,0.9013254786450662
0,hardness,walking,PPT_001,PPT_006,0.8091380236808442
0,hardness,walking,PPT_001,PPT_007,0.7134447676072178
0,hardness,walking,PPT_001,PPT_008,0.9366715758468335
0,hardness,walking,PPT_001,PPT_009,0.8413826986458891
0,hardness,walking,PPT_001,PPT_010,0.8657826526299844
0,hardness,walking,PPT_001,PPT_011,0.8805319312097115
0,hardness,walking,PPT_001,PPT_012,0.8090960482068275
0,hardness,walking,PPT_001,PPT_013,0.9467913874195688
0,hardness,walking,PPT_001,PPT_014,0.8974191736992855
0,hardness,walking,PPT_001,PPT_015,0.901037905259633
0,hardness,walking,PPT_001,PPT_016,0.79084058121697
0,hardness,walking,PPT_001,PPT_017,0.8242281166145496
0,hardness,walking,PPT_001,PPT_018,0.8151719478491922
0,hardness,walking,PPT_001,PPT_019,0.8876211518657119
0,hardness,walking,PPT_001,PPT_020,0.8365243004418261
0,hardness,walking,PPT_002,PPT_003,0.7779511434934633
0,hardness,walking,PPT_002,PPT_004,0.755363620564246
0,hardness,walking,PPT_002,PPT_005,0.931270217134002
0,hardness,walking,PPT_002,PPT_006,0.7670151912436087
0,hardness,walking,PPT_002,PPT_007,0.836175174146868
0,hardness,walking,PPT_002,PPT_008,0.951965110848091
0,hardness,walking,PPT_002,PPT_009,0.915182624648576
0,hardness,walking,PPT_002,PPT_010,0.905257598294223
0,hardness,walking,PPT_002,PPT_011,0.9296840093683926
0,hardness,walking,PPT_002,PPT_012,0.9135098358618265
0,hardness,walking,PPT_002,PPT_013,0.9295252225519289
0,hardness,walking,PPT_002,PPT_014,0.8770379994935318
0,hardness,walking,PPT_002,PPT_015,0.907339018755112
0,hardness,walking,PPT_002,PPT_016,0.8998516320474776
0,hardness,walking,PPT_002,PPT_017,0.9095628888991196
0,hardness,walking,PPT_002,PPT_018,0.8114835203681815
0,hardness,walking,PPT_002,PPT_019,0.8711601229156243
0,hardness,walking,PPT_002,PPT_020,0.8558816757469637
0,hardness,walking,PPT_003,PPT_004,0.6280833040805252
0,hardness,walking,PPT_003,PPT_005,0.6904461853367475
0,hardness,walking,PPT_003,PPT_006,0.6864974009964664
0,hardness,walking,PPT_003,PPT_007,0.6381322720478602
0,hardness,walking,PPT_003,PPT_008,0.8129447020900413
0,hardness,walking,PPT_003,PPT_009,0.8116600995848086
0,hardness,walking,PPT_003,PPT_010,0.8245537760958269
0,hardness,walking,PPT_003,PPT_011,0.6936958278606009
0,hardness,walking,PPT_003,PPT_012,0.7108616226519441
0,hardness,walking,PPT_003,PPT_013,0.8226609793264209
0,hardness,walking,PPT_003,PPT_014,0.7128102468920221
0,hardness,walking,PPT_003,PPT_015,0.7036581062838131
0,hardness,walking,PPT_003,PPT_016,0.6855508161053508
0,hardness,walking,PPT_003,PPT_017,0.8488573980566634
0,hardness,walking,PPT_003,PPT_018,0.592065868263473
0,hardness,walking,PPT_003,PPT_019,0.6446633721364508
0,hardness,walking,PPT_003,PPT_020,0.8448685579712027
0,hardness,walking,PPT_004,PPT_005,0.6642120765832106
0,hardness,walking,PPT_004,PPT_006,0.44215192550865795
0,hardness,walking,PPT_004,PPT_007,0.4807997346918206
0,hardness,walking,PPT_004,PPT_008,0.8129602356406479
0,hardness,walking,PPT_004,PPT_009,0.6338169227684891
0,hardness,walking,PPT_004,PPT_010,0.8628327969140389
0,hardness,walking,PPT_004,PPT_011,0.7794993729385805
0,hardness,walking,PPT_004,PPT_012,0.5772889159382047
0,hardness,walking,PPT_004,PPT_013,0.7095392130544778
0,hardness,walking,PPT_004,PPT_014,0.878230934787952
0,hardness,walking,PPT_004,PPT_015,0.6484518695229162
0,hardness,walking,PPT_004,PPT_016,0.7597982406458366
0,hardness,walking,PPT_004,PPT_017,0.5834589714386148
0,hardness,walking,PPT_004,PPT_018,0.7542938970990705
0,hardness,walking,PPT_004,PPT_019,0.8021128908590406
0,hardness,walking,PPT_004,PPT_020,0.7776141384388807
0,hardness,walking,PPT_005,PPT_006,0.7870304274054113
0,hardness,walking,PPT_005,PPT_007,0.8330907845351362
0,hardness,walking,PPT_005,PPT_008,0.8880706921944036
0,hardness,walking,PPT_005,PPT_009,0.8851197728486269
0,hardness,walking,PPT_005,PPT_010,0.8443961986893799
0,hardness,walking,PPT_005,PPT_011,0.8893814983575479
0,hardness,walking,PPT_005,PPT_012,0.8477305702515979
0,hardness,walking,PPT_005,PPT_013,0.9209227702769576
0,hardness,walking,PPT_005,PPT_014,0.8701128337100802
0,hardness,walking,PPT_005,PPT_015,0.9453512448625657
0,hardness,walking,PPT_005,PPT_016,0.7738412042375398
0,hardness,walking,PPT_005,PPT_017,0.8404763411356249
0,hardness,walking,PPT_005,PPT_018,0.8211112698735944
0,hardness,walking,PPT_005,PPT_019,0.901998647079223
0,hardness,walking,PPT_005,PPT_020,0.792341678939617
0,hardness,walking,PPT_006,PPT_007,0.7317091157615131
0,hardness,walking,PPT_006,PPT_008,0.7317614367168289
0,hardness,walking,PPT_006,PPT_009,0.8123288456532771
0,hardness,walking,PPT_006,PPT_010,0.6332105045439442
0,hardness,walking,PPT_006,PPT_011,0.7114393081356204
0,hardness,walking,PPT_006,PPT_012,0.7680554266139771
0,hardness,walking,PPT_006,PPT_013,0.7662755430360451
0,hardness,walking,PPT_006,PPT_014,0.6787304302485774
0,hardness,walking,PPT_006,PPT_015,0.873616338212231
0,hardness,walking,PPT_006,PPT_016,0.5599136931257588
0,hardness,walking,PPT_006,PPT_017,0.8388786327164823
0,hardness,walking,PPT_006,PPT_018,0.6954129516587582
0,hardness,walking,PPT_006,PPT_019,0.7368218756058754
0,hardness,walking,PPT_006,PPT_020,0.7280768373375901
0,hardness,walking,PPT_007,PPT_008,0.7813918883317146
0,hardness,walking,PPT_007,PPT_009,0.9092999633995175
0,hardness,walking,PPT_007,PPT_010,0.6464504114557056
0,hardness,walking,PPT_007,PPT_011,0.7758884229027864
0,hardness,walking,PPT_007,PPT_012,0.8748292552126962
0,hardness,walking,PPT_007,PPT_013,0.7635287494426188
0,hardness,walking,PPT_007,PPT_014,0.6706145434433345
0,hardness,walking,PPT_007,PPT_015,0.885925925925926
0,hardness,walking,PPT_007,PPT_016,0.610822999554095
0,hardness,walking,PPT_007,PPT_017,0.8192592592592592
0,hardness,walking,PPT_007,PPT_018,0.5703726025538634
0,hardness,walking,PPT_007,PPT_019,0.7361805950688722
0,hardness,walking,PPT_007,PPT_020,0.5974915289795435
0,hardness,walking,PPT_008,PPT_009,0.9281155407089455
0,hardness,walking,PPT_008,PPT_010,0.8908564262155206
0,hardness,walking,PPT_008,PPT_011,0.9144552719430841
0,hardness,walking,PPT_008,PPT_012,0.8670478312739832
0,hardness,walking,PPT_008,PPT_013,0.9349657338686607
0,hardness,walking,PPT_008,PPT_014,0.8878250542436188
0,hardness,walking,PPT_008,PPT_015,0.901037905259633
0,hardness,walking,PPT_008,PPT_016,0.8396214021144653
0,hardness,walking,PPT_008,PPT_017,0.8988222382794864
0,hardness,walking,PPT_008,PPT_018,0.7780511851966788
0,hardness,walking,PPT_008,PPT_019,0.8868644415913163
0,hardness,walking,PPT_008,PPT_020,0.8998527245949925
0,hardness,walking,PPT_009,PPT_010,0.7936261581441405
0,hardness,walking,PPT_009,PPT_011,0.8381701894712204
0,hardness,walking,PPT_009,PPT_012,0.9252080134760121
0,hardness,walking,PPT_009,PPT_013,0.8921170463037745
0,hardness,walking,PPT_009,PPT_014,0.7607802183741597
0,hardness,walking,PPT_009,PPT_015,0.941270444532943
0,hardness,walking,PPT_009,PPT_016,0.7172650814318922
0,hardness,walking,PPT_009,PPT_017,0.9264004533080938
0,hardness,walking,PPT_009,PPT_018,0.7107631258795146
0,hardness,walking,PPT_009,PPT_019,0.8646154226932494
0,hardness,walking,PPT_009,PPT_020,0.815436976661214
0,hardness,walking,PPT_010,PPT_011,0.8138847858197933
0,hardness,walking,PPT_010,PPT_012,0.7314190557343423
0,hardness,walking,PPT_010,PPT_013,0.8993360440944245
0,hardness,walking,PPT_010,PPT_014,0.9046565663821957
0,hardness,walking,PPT_010,PPT_015,0.7773677144621814
0,hardness,walking,PPT_010,PPT_016,0.8904537127947264
0,hardness,walking,PPT_010,PPT_017,0.7566576326306487
0,hardness,walking,PPT_010,PPT_018,0.8260407982348635
0,hardness,walking,PPT_010,PPT_019,0.8715012691179751
0,hardness,walking,PPT_010,PPT_020,0.831859311896612
0,hardness,walking,PPT_011,PPT_012,0.827403855520436
0,hardness,walking,PPT_011,PPT_013,0.833458753621664
0,hardness,walking,PPT_011,PPT_014,0.9246122259347443
0,hardness,walking,PPT_011,PPT_015,0.8846163525183341
0,hardness,walking,PPT_011,PPT_016,0.8445616677462865
0,hardness,walking,PPT_011,PPT_017,0.875000957382265
0,hardness,walking,PPT_011,PPT_018,0.8267843093043817
0,hardness,walking,PPT_011,PPT_019,0.8290629464478825
0,hardness,walking,PPT_011,PPT_020,0.8451336626183663
0,hardness,walking,PPT_012,PPT_013,0.8628007184425578
0,hardness,walking,PPT_012,PPT_014,0.6843042713045333
0,hardness,walking,PPT_012,PPT_015,0.9031457046999896
0,hardness,walking,PPT_012,PPT_016,0.6950131975699775
0,hardness,walking,PPT_012,PPT_017,0.9247556266771346
0,hardness,walking,PPT_012,PPT_018,0.7131088142936257
0,hardness,walking,PPT_012,PPT_019,0.7856280402450891
0,hardness,walking,PPT_012,PPT_020,0.7377707767395589
0,hardness,walking,PPT_013,PPT_014,0.8333342478295803
0,hardness,walking,PPT_013,PPT_015,0.8925132177950613
0,hardness,walking,PPT_013,PPT_016,0.7959940652818991
0,hardness,walking,PPT_013,PPT_017,0.8576725855389417
0,hardness,walking,PPT_013,PPT_018,0.7794414713545619
0,hardness,walking,PPT_013,PPT_019,0.8620459803916597
0,hardness,walking,PPT_013,PPT_020,0.8152309916657177
0,hardness,walking,PPT_014,PPT_015,0.8297559637968852
0,hardness,walking,PPT_014,PPT_016,0.8437046295803485
0,hardness,walking,PPT_014,PPT_017,0.7549965058633568
0,hardness,walking,PPT_014,PPT_018,0.8623664677952544
0,hardness,walking,PPT_014,PPT_019,0.8759375699687397
0,hardness,walking,PPT_014,PPT_020,0.8398544569652852
0,hardness,walking,PPT_015,PPT_016,0.6864345844503544
0,hardness,walking,PPT_015,PPT_017,0.8977777777777777
0,hardness,walking,PPT_015,PPT_018,0.8041806928957865
0,hardness,walking,PPT_015,PPT_019,0.9061851860950858
0,hardness,walking,PPT_015,PPT_020,0.7784376656915191
0,hardness,walking,PPT_016,PPT_017,0.7279468271384968
0,hardness,walking,PPT_016,PPT_018,0.7958350778266464
0,hardness,walking,PPT_016,PPT_019,0.7405240800721306
0,hardness,walking,PPT_016,PPT_020,0.7686674808090176
0,hardness,walking,PPT_017,PPT_018,0.7029134945311318
0,hardness,walking,PPT_017,PPT_019,0.7460469329409292
0,hardness,walking,PPT_017,PPT_020,0.8670643448973846
0,hardness,walking,PPT_018,PPT_019,0.8781154335255087
0,hardness,walking,PPT_018,PPT_020,0.7268245327362106
0,hardness,walking,PPT_019,PPT_020,0.7756280312552042
0,slipperiness,walking,PPT_001,PPT_002,0.786402524414394
0,slipperiness,walking,PPT_001,PPT_003,0.20140901977844827
0,slipperiness,walking,PPT_001,PPT_004,0.2954212971702187
0,slipperiness,walking,PPT_001,PPT_005,0.5777451826646465
0,slipperiness,walking,PPT_001,PPT_006,0.5719558753164997
0,slipperiness,walking,PPT_001,PPT_007,0.768325025077074
0,slipperiness,walking,PPT_001,PPT_008,0.6868545159207583
0,slipperiness,walking,PPT_001,PPT_009,0.2234513274336283
0,slipperiness,walking,PPT_001,PPT_010,0.6110702771123379
0,slipperiness,walking,PPT_001,PPT_011,0.17394641704538766
0,slipperiness,walking,PPT_001,PPT_012,0.7195972422681999
0,slipperiness,walking,PPT_001,PPT_013,0.5436414325593564
0,slipperiness,walking,PPT_001,PPT_014,0.5379515093688672
0,slipperiness,walking,PPT_001,PPT_015,0.7594426548449692
0,slipperiness,walking,PPT_001,PPT_016,0.27346704326440396
0,slipperiness,walking,PPT_001,PPT_017,0.6498630765226217
0,slipperiness,walking,PPT_001,PPT_018,0.6235234389762413
0,slipperiness,walking,PPT_001,PPT_019,0.4282563121794113
0,slipperiness,walking,PPT_001,PPT_020,0.41222908246819856
0,slipperiness,walking,PPT_002,PPT_003,0.15347111660030405
0,slipperiness,walking,PPT_002,PPT_004,0.3974834545574731
0,slipperiness,walking,PPT_002,PPT_005,0.46085873187050086
0,slipperiness,walking,PPT_002,PPT_006,0.4992609012958825
0,slipperiness,walking,PPT_002,PPT_007,0.8175083181906684
0,slipperiness,walking,PPT_002,PPT_008,0.6943007083331653
0,slipperiness,walking,PPT_002,PPT_009,0.19512243086973685
0,slipperiness,walking,PPT_002,PPT_010,0.6730776595248195
0,slipperiness,walking,PPT_002,PPT_011,0.12759657960870685
0,slipperiness,walking,PPT_002,PPT_012,0.7583695524673
0,slipperiness,walking,PPT_002,PPT_013,0.4625649899535866
0,slipperiness,walking,PPT_002,PPT_014,0.392911611146004
0,slipperiness,walking,PPT_002,PPT_015,0.7759652457599265
0,slipperiness,walking,PPT_002,PPT_016,0.22370370370370368
0,slipperiness,walking,PPT_002,PPT_017,0.7591130520285424
0,slipperiness,walking,PPT_002,PPT_018,0.5463307653778738
0,slipperiness,walking,PPT_002,PPT_019,0.32839149126512635
0,slipperiness,walking,PPT_002,PPT_020,0.32961225791958354
0,slipperiness,walking,PPT_003,PPT_004,-0.1586457521892895
0,slipperiness,walking,PPT_003,PPT_005,0.1869387330889663
0,slipperiness,walking,PPT_003,PPT_006,0.30120422729758184
0,slipperiness,walking,PPT_003,PPT_007,0.08782799298456004
0,slipperiness,walking,PPT_003,PPT_008,0.06950194857816491
0,slipperiness,walking,PPT_003,PPT_009,-0.010560772572652718
0,slipperiness,walking,PPT_003,PPT_010,-0.04453897095377776
0,slipperiness,walking,PPT_003,PPT_011,0.12038492141849175
0,slipperiness,walking,PPT_003,PPT_012,0.3445093021909743
0,slipperiness,walking,PPT_003,PPT_013,0.37450511360820476
0,slipperiness,walking,PPT_003,PPT_014,0.0595490319114046
0,slipperiness,walking,PPT_003,PPT_015,0.4595826874278271
0,slipperiness,walking,PPT_003,PPT_016,0.22907265187138978
0,slipperiness,walking,PPT_003,PPT_017,0.46516344106402474
0,slipperiness,walking,PPT_003,PPT_018,0.22016361224239914
0,slipperiness,walking,PPT_003,PPT_019,0.490261239632559
0,slipperiness,walking,PPT_003,PPT_020,-0.10138356499504401
0,slipperiness,walking,PPT_004,PPT_005,0.6627322516299
0,slipperiness,walking,PPT_004,PPT_006,0.5291945273935067
0,slipperiness,walking,PPT_004,PPT_007,0.6300979257864853
0,slipperiness,walking,PPT_004,PPT_008,0.41198224852071
0,slipperiness,walking,PPT_004,PPT_009,0.864845847465815
0,slipperiness,walking,PPT_004,PPT_010,0.7531413734832169
0,slipperiness,walking,PPT_004,PPT_011,0.7954059698457632
0,slipperiness,walking,PPT_004,PPT_012,0.09212572956874589
0,slipperiness,walking,PPT_004,PPT_013,0.6170377141707025
0,slipperiness,walking,PPT_004,PPT_014,0.6464960494741563
0,slipperiness,walking,PPT_004,PPT_015,0.186805502703758
0,slipperiness,walking,PPT_004,PPT_016,0.7268691850566827
0,slipperiness,walking,PPT_004,PPT_017,0.5230364001322347
0,slipperiness,walking,PPT_004,PPT_018,0.6340747699041073
0,slipperiness,walking,PPT_004,PPT_019,0.46074124635555463
0,slipperiness,walking,PPT_004,PPT_020,0.706863628639835
0,slipperiness,walking,PPT_005,PPT_006,0.5907086071180728
0,slipperiness,walking,PPT_005,PPT_007,0.5258927526369851
0,slipperiness,walking,PPT_005,PPT_008,0.5121783770948224
0,slipperiness,walking,PPT_005,PPT_009,0.7612382317507395
0,slipperiness,walking,PPT_005,PPT_010,0.5368737403020687
0,slipperiness,walking,PPT_005,PPT_011,0.7581435604119687
0,slipperiness,walking,PPT_005,PPT_012,0.28540294183142495
0,slipperiness,walking,PPT_005,PPT_013,0.6858879059526618
0,slipperiness,walking,PPT_005,PPT_014,0.40427098674521356
0,slipperiness,walking,PPT_005,PPT_015,0.3002988151485457
0,slipperiness,walking,PPT_005,PPT_016,0.7245231025079509
0,slipperiness,walking,PPT_005,PPT_017,0.589338542223332
0,slipperiness,walking,PPT_005,PPT_018,0.8736201560733257
0,slipperiness,walking,PPT_005,PPT_019,0.7006699728912967
0,slipperiness,walking,PPT_005,PPT_020,0.4126757341111636
0,slipperiness,walking,PPT_006,PPT_007,0.6688918250460055
0,slipperiness,walking,PPT_006,PPT_008,0.46858845023391504
0,slipperiness,walking,PPT_006,PPT_009,0.38081191182363083
0,slipperiness,walking,PPT_006,PPT_010,0.48375184638109303
0,slipperiness,walking,PPT_006,PPT_011,0.4548168112715917
0,slipperiness,walking,PPT_006,PPT_012,0.44544031327079914
0,slipperiness,walking,PPT_006,PPT_013,0.8601057475207582
0,slipperiness,walking,PPT_006,PPT_014,0.6091452053427318
0,slipperiness,walking,PPT_006,PPT_015,0.549632042285865
0,slipperiness,walking,PPT_006,PPT_016,0.580621937062619
0,slipperiness,walking,PPT_006,PPT_017,0.6406916505878327
0,slipperiness,walking,PPT_006,PPT_018,0.788306902848199
0,slipperiness,walking,PPT_006,PPT_019,0.7927480684980482
0,slipperiness,walking,PPT_006,PPT_020,0.5290046078942462
0,slipperiness,walking,PPT_007,PPT_008,0.7301723022349271
0,slipperiness,walking,PPT_007,PPT_009,0.38046152494182667
0,slipperiness,walking,PPT_007,PPT_010,0.8681519589744391
0,slipperiness,walking,PPT_007,PPT_011,0.3320950965824666
0,slipperiness,walking,PPT_007,PPT_012,0.702905700099962
0,slipperiness,walking,PPT_007,PPT_013,0.6154418919444229
0,slipperiness,walking,PPT_007,PPT_014,0.7322557315198528
0,slipperiness,walking,PPT_007,PPT_015,0.7488855869242199
0,slipperiness,walking,PPT_007,PPT_016,0.42878385473158465
0,slipperiness,walking,PPT_007,PPT_017,0.8399127433397853
0,slipperiness,walking,PPT_007,PPT_018,0.6651820689773256
0,slipperiness,walking,PPT_007,PPT_019,0.4075724953890087
0,slipperiness,walking,PPT_007,PPT_020,0.6232741392461325
0,slipperiness,walking,PPT_008,PPT_009,0.2075334612620786
0,slipperiness,walking,PPT_008,PPT_010,0.48706591278257105
0,slipperiness,walking,PPT_008,PPT_011,0.2572282120563652
0,slipperiness,walking,PPT_008,PPT_012,0.6894570729015822
0,slipperiness,walking,PPT_008,PPT_013,0.4585190216946758
0,slipperiness,walking,PPT_008,PPT_014,0.336532190137232
0,slipperiness,walking,PPT_008,PPT_015,0.6174959672707556
0,slipperiness,walking,PPT_008,PPT_016,0.28867513459481287
0,slipperiness,walking,PPT_008,PPT_017,0.7162032524537988
0,slipperiness,walking,PPT_008,PPT_018,0.5422228172544469
0,slipperiness,walking,PPT_008,PPT_019,0.4570375385874232
0,slipperiness,walking,PPT_008,PPT_020,0.4098305080943725
0,slipperiness,walking,PPT_009,PPT_010,0.5357935038448759
0,slipperiness,walking,PPT_009,PPT_011,0.8371633943758872
0,slipperiness,walking,PPT_009,PPT_012,-0.06676675443725566
0,slipperiness,walking,PPT_009,PPT_013,0.4837299277466926
0,slipperiness,walking,PPT_009,PPT_014,0.5084747143349566
0,slipperiness,walking,PPT_009,PPT_015,-0.011843160309473202
0,slipperiness,walking,PPT_009,PPT_016,0.7583167199710228
0,slipperiness,walking,PPT_009,PPT_017,0.33012450805087523
0,slipperiness,walking,PPT_009,PPT_018,0.5717480644467788
0,slipperiness,walking,PPT_009,PPT_019,0.4711559082181088
0,slipperiness,walking,PPT_009,PPT_020,0.5856806636160198
0,slipperiness,walking,PPT_010,PPT_011,0.5244467465476987
0,slipperiness,walking,PPT_010,PPT_012,0.498893150863295
0,slipperiness,walking,PPT_010,PPT_013,0.6158416367790627
0,slipperiness,walking,PPT_010,PPT_014,0.8171100333168847
0,slipperiness,walking,PPT_010,PPT_015,0.6000026337621976
0,slipperiness,walking,PPT_010,PPT_016,0.5155331084492298
0,slipperiness,walking,PPT_010,PPT_017,0.7208709069765766
0,slipperiness,walking,PPT_010,PPT_018,0.6128808596791632
0,slipperiness,walking,PPT_010,PPT_019,0.28867576724018557
0,slipperiness,walking,PPT_010,PPT_020,0.6725271648655545
0,slipperiness,walking,PPT_011,PPT_012,0.016381276909109285
0,slipperiness,walking,PPT_011,PPT_013,0.7060135575864248
0,slipperiness,walking,PPT_011,PPT_014,0.5170169255882597
0,slipperiness,walking,PPT_011,PPT_015,0.11218424962852898
0,slipperiness,walking,PPT_011,PPT_016,0.8657279558334936
0,slipperiness,walking,PPT_011,PPT_017,0.42516859614097274
0,slipperiness,walking,PPT_011,PPT_018,0.7037863854804739
0,slipperiness,walking,PPT_011,PPT_019,0.5968821243948325
0,slipperiness,walking,PPT_011,PPT_020,0.474803757829581
0,slipperiness,walking,PPT_012,PPT_013,0.3712814062598695
0,slipperiness,walking,PPT_012,PPT_014,0.4551620942454412
0,slipperiness,walking,PPT_012,PPT_015,0.9344773873150978
0,slipperiness,walking,PPT_012,PPT_016,0.022304986837273527
0,slipperiness,walking,PPT_012,PPT_017,0.7664179104477614
0,slipperiness,walking,PPT_012,PPT_018,0.44643054860906156
0,slipperiness,walking,PPT_012,PPT_019,0.24851300539237756
0,slipperiness,walking,PPT_012,PPT_020,0.3066689190581434
0,slipperiness,walking,PPT_013,PPT_014,0.6637148055447094
0,slipperiness,walking,PPT_013,PPT_015,0.5478843380639132
0,slipperiness,walking,PPT_013,PPT_016,0.7776132603546672
0,slipperiness,walking,PPT_013,PPT_017,0.6971757067444845
0,slipperiness,walking,PPT_013,PPT_018,0.849406528189911
0,slipperiness,walking,PPT_013,PPT_019,0.8605341246290802
0,slipperiness,walking,PPT_013,PPT_020,0.5203903437380505
0,slipperiness,walking,PPT_014,PPT_015,0.5650943221021895
0,slipperiness,walking,PPT_014,PPT_016,0.49261662525260264
0,slipperiness,walking,PPT_014,PPT_017,0.589338542223332
0,slipperiness,walking,PPT_014,PPT_018,0.5587621302804012
0,slipperiness,walking,PPT_014,PPT_019,0.4094632542001882
0,slipperiness,walking,PPT_014,PPT_020,0.8493616927524313
0,slipperiness,walking,PPT_015,PPT_016,0.18100910130537481
0,slipperiness,walking,PPT_015,PPT_017,0.8272544839100188
0,slipperiness,walking,PPT_015,PPT_018,0.524870226302421
0,slipperiness,walking,PPT_015,PPT_019,0.3407573322104826
0,slipperiness,walking,PPT_015,PPT_020,0.32407240613765054
0,slipperiness,walking,PPT_016,PPT_017,0.4304862459593792
0,slipperiness,walking,PPT_016,PPT_018,0.7531506887705833
0,slipperiness,walking,PPT_016,PPT_019,0.6716087834903035
0,slipperiness,walking,PPT_016,PPT_020,0.326602100313012
0,slipperiness,walking,PPT_017,PPT_018,0.7150329286888468
0,slipperiness,walking,PPT_017,PPT_019,0.5892883241639612
0,slipperiness,walking,PPT_017,PPT_020,0.5053239084972856
0,slipperiness,walking,PPT_018,PPT_019,0.7485163204747775
0,slipperiness,walking,PPT_018,PPT_020,0.41495669956536296
0,slipperiness,walking,PPT_019,PPT_020,0.4526115724841798
0,roughness,sitting,PPT_001,PPT_002,0.9049395732561996
0,roughness,sitting,PPT_001,PPT_003,0.8888322461298549
0,roughness,sitting,PPT_001,PPT_004,0.4907897034109356
0,roughness,sitting,PPT_001,PPT_005,0.7682121285053645
0,roughness,sitting,PPT_001,PPT_006,0.8803631488594837
0,roughness,sitting,PPT_001,PPT_007,0.796463642264577
0,roughness,sitting,PPT_001,PPT_008,0.5526911074447473
0,roughness,sitting,PPT_001,PPT_009,0.32842450934373235
0,roughness,sitting,PPT_001,PPT_010,0.705449955047748
0,roughness,sitting,PPT_001,PPT_011,0.3769451779263947
0,roughness,sitting,PPT_001,PPT_012,0.6725535301282597
0,roughness,sitting,PPT_001,PPT_013,0.547909704729306
0,roughness,sitting,PPT_001,PPT_014,0.8752827118754609
0,roughness,sitting,PPT_001,PPT_015,0.8248447422859932
0,roughness,sitting,PPT_001,PPT_016,0.45504688678523264
0,roughness,sitting,PPT_001,PPT_017,0.6421214622146516
0,roughness,sitting,PPT_001,PPT_018,0.5780401837099175
0,roughness,sitting,PPT_001,PPT_019,0.8542010417077458
0,roughness,sitting,PPT_001,PPT_020,0.8044665151591406
0,roughness,sitting,PPT_002,PPT_003,0.8466337315391274
0,roughness,sitting,PPT_002,PPT_004,0.5967503692762186
0,roughness,sitting,PPT_002,PPT_005,0.8517708379792435
0,roughness,sitting,PPT_002,PPT_006,0.9348653692932165
0,roughness,sitting,PPT_002,PPT_007,0.8832227098257549
0,roughness,sitting,PPT_002,PPT_008,0.7230428360413589
0,roughness,sitting,PPT_002,PPT_009,0.42952041217316494
0,roughness,sitting,PPT_002,PPT_010,0.7859780738220288
0,roughness,sitting,PPT_002,PPT_011,0.4296315155334255
0,roughness,sitting,PPT_002,PPT_012,0.669617247519613
0,roughness,sitting,PPT_002,PPT_013,0.6279935737942878
0,roughness,sitting,PPT_002,PPT_014,0.8461547719740586
0,roughness,sitting,PPT_002,PPT_015,0.7459292002451023
0,roughness,sitting,PPT_002,PPT_016,0.5633608238644171
0,roughness,sitting,PPT_002,PPT_017,0.4560886850910928
0,roughness,sitting,PPT_002,PPT_018,0.6694193274570495
0,roughness,sitting,PPT_002,PPT_019,0.8397709299806771
0,roughness,sitting,PPT_002,PPT_020,0.8686086108780583
0,roughness,sitting,PPT_003,PPT_004,0.44165685376488517
0,roughness,sitting,PPT_003,PPT_005,0.885001714979098
0,roughness,sitting,PPT_003,PPT_006,0.9002820575387076
0,roughness,sitting,PPT_003,PPT_007,0.7648560233282535
0,roughness,sitting,PPT_003,PPT_008,0.5157653766847556
0,roughness,sitting,PPT_003,PPT_009,0.24385409340077321
0,roughness,sitting,PPT_003,PPT_010,0.7128618129169842
0,roughness,sitting,PPT_003,PPT_011,0.2522661866647606
0,roughness,sitting,PPT_003,PPT_012,0.6405797886292964
0,roughness,sitting,PPT_003,PPT_013,0.5414879846925007
0,roughness,sitting,PPT_003,PPT_014,0.9056123676648853
0,roughness,sitting,PPT_003,PPT_015,0.8641618477712484
0,roughness,sitting,PPT_003,PPT_016,0.40332740432872527
0,roughness,sitting,PPT_003,PPT_017,0.7884117007497391
0,roughness,sitting,PPT_003,PPT_018,0.5660456351526256
0,roughness,sitting,PPT_003,PPT_019,0.8316127974108428
0,roughness,sitting,PPT_003,PPT_020,0.8194411617890182
0,roughness,sitting,PPT_004,PPT_005,0.4550152441845829
0,roughness,sitting,PPT_004,PPT_006,0.5817927001302202
0,roughness,sitting,PPT_004,PPT_007,0.7627496540085179
0,roughness,sitting,PPT_004,PPT_008,0.6203840472673561
0,roughness,sitting,PPT_004,PPT_009,0.9365316203569526
0,roughness,sitting,PPT_004,PPT_010,0.7512917175125119
0,roughness,sitting,PPT_004,PPT_011,0.8414851752516747
0,roughness,sitting,PPT_004,PPT_012,0.6600302164427905
0,roughness,sitting,PPT_004,PPT_013,0.8839530398905378
0,roughness,sitting,PPT_004,PPT_014,0.5266277951446938
0,roughness,sitting,PPT_004,PPT_015,0.627410161477261
0,roughness,sitting,PPT_004,PPT_016,0.8651612652203549
0,roughness,sitting,PPT_004,PPT_017,0.011070113715803222
0,roughness,sitting,PPT_004,PPT_018,0.8704685136788552
0,roughness,sitting,PPT_004,PPT_019,0.6097983254806684
0,roughness,sitting,PPT_004,PPT_020,0.48330273989881706
0,roughness,sitting,PPT_005,PPT_006,0.895793256481278
0,roughness,sitting,PPT_005,PPT_007,0.7483413175420027
0,roughness,sitting,PPT_005,PPT_008,0.7337766093414262
0,roughness,sitting,PPT_005,PPT_009,0.24981583791239179
0,roughness,sitting,PPT_005,PPT_010,0.669123247269769
0,roughness,sitting,PPT_005,PPT_011,0.22485428523437903
0,roughness,sitting,PPT_005,PPT_012,0.4270986745213549
0,roughness,sitting,PPT_005,PPT_013,0.49259015607082335
0,roughness,sitting,PPT_005,PPT_014,0.7954244458726433
0,roughness,sitting,PPT_005,PPT_015,0.7403919063145178
0,roughness,sitting,PPT_005,PPT_016,0.4308269459204054
0,roughness,sitting,PPT_005,PPT_017,0.6064850578227092
0,roughness,sitting,PPT_005,PPT_018,0.5740045076843906
0,roughness,sitting,PPT_005,PPT_019,0.7244571647916602
0,roughness,sitting,PPT_005,PPT_020,0.8851197728486269
0,roughness,sitting,PPT_006,PPT_007,0.9014824707631992
0,roughness,sitting,PPT_006,PPT_008,0.6935620356514203
0,roughness,sitting,PPT_006,PPT_009,0.4149426444432638
0,roughness,sitting,PPT_006,PPT_010,0.8417196602075476
0,roughness,sitting,PPT_006,PPT_011,0.43429856066041905
0,roughness,sitting,PPT_006,PPT_012,0.7021481795851603
0,roughness,sitting,PPT_006,PPT_013,0.6666757496003861
0,roughness,sitting,PPT_006,PPT_014,0.8984435381790815
0,roughness,sitting,PPT_006,PPT_015,0.8582036514930674
0,roughness,sitting,PPT_006,PPT_016,0.5810437451161912
0,roughness,sitting,PPT_006,PPT_017,0.5562154520879401
0,roughness,sitting,PPT_006,PPT_018,0.6253842796142092
0,roughness,sitting,PPT_006,PPT_019,0.9182178974782977
0,roughness,sitting,PPT_006,PPT_020,0.8950932499611685
0,roughness,sitting,PPT_007,PPT_008,0.6688841442613458
0,roughness,sitting,PPT_007,PPT_009,0.6536196199891088
0,roughness,sitting,PPT_007,PPT_010,0.9350084055437422
0,roughness,sitting,PPT_007,PPT_011,0.70274451017128
0,roughness,sitting,PPT_007,PPT_012,0.8044300158982082
0,roughness,sitting,PPT_007,PPT_013,0.825781759387081
0,roughness,sitting,PPT_007,PPT_014,0.8319765417553069
0,roughness,sitting,PPT_007,PPT_015,0.7768736779108665
0,roughness,sitting,PPT_007,PPT_016,0.754686091482149
0,roughness,sitting,PPT_007,PPT_017,0.3574597695759646
0,roughness,sitting,PPT_007,PPT_018,0.6945051237771768
0,roughness,sitting,PPT_007,PPT_019,0.8604365143104327
0,roughness,sitting,PPT_007,PPT_020,0.7890122967903881
0,roughness,sitting,PPT_008,PPT_009,0.5025831626974663
0,roughness,sitting,PPT_008,PPT_010,0.5793359511270353
0,roughness,sitting,PPT_008,PPT_011,0.48296508297895413
0,roughness,sitting,PPT_008,PPT_012,0.3038351387423795
0,roughness,sitting,PPT_008,PPT_013,0.5677240483472057
0,roughness,sitting,PPT_008,PPT_014,0.48003011102374477
0,roughness,sitting,PPT_008,PPT_015,0.5385208824013799
0,roughness,sitting,PPT_008,PPT_016,0.5320630003163939
0,roughness,sitting,PPT_008,PPT_017,0.053874553416909006
0,roughness,sitting,PPT_008,PPT_018,0.7952612254995871
0,roughness,sitting,PPT_008,PPT_019,0.4911027876742122
0,roughness,sitting,PPT_008,PPT_020,0.7527941294276506
0,roughness,sitting,PPT_009,PPT_010,0.6762536873156341
0,roughness,sitting,PPT_009,PPT_011,0.9163645289454891
0,roughness,sitting,PPT_009,PPT_012,0.5718498236578643
0,roughness,sitting,PPT_009,PPT_013,0.8550471835489581
0,roughness,sitting,PPT_009,PPT_014,0.3680718582315491
0,roughness,sitting,PPT_009,PPT_015,0.47964799253366475
0,roughness,sitting,PPT_009,PPT_016,0.8823942818494621
0,roughness,sitting,PPT_009,PPT_017,-0.191740412979351
0,roughness,sitting,PPT_009,PPT_018,0.7522621283929154
0,roughness,sitting,PPT_009,PPT_019,0.511496878921317
0,roughness,sitting,PPT_009,PPT_020,0.34941268155497124
0,roughness,sitting,PPT_010,PPT_011,0.7379769267840489
0,roughness,sitting,PPT_010,PPT_012,0.7582905522473484
0,roughness,sitting,PPT_010,PPT_013,0.8899925901809589
0,roughness,sitting,PPT_010,PPT_014,0.8684426373937152
0,roughness,sitting,PPT_010,PPT_015,0.8082956911215461
0,roughness,sitting,PPT_010,PPT_016,0.7900593527782948
0,roughness,sitting,PPT_010,PPT_017,0.32522123893805305
0,roughness,sitting,PPT_010,PPT_018,0.652555773096525
0,roughness,sitting,PPT_010,PPT_019,0.8769576924114753
0,roughness,sitting,PPT_010,PPT_020,0.7737524986450849
0,roughness,sitting,PPT_011,PPT_012,0.5784080626752777
0,roughness,sitting,PPT_011,PPT_013,0.8343367220629718
0,roughness,sitting,PPT_011,PPT_014,0.433234898206307
0,roughness,sitting,PPT_011,PPT_015,0.48291233283803864
0,roughness,sitting,PPT_011,PPT_016,0.855770154732931
0,roughness,sitting,PPT_011,PPT_017,-0.19097095999025537
0,roughness,sitting,PPT_011,PPT_018,0.6504943258625864
0,roughness,sitting,PPT_011,PPT_019,0.5461315570656393
0,roughness,sitting,PPT_011,PPT_020,0.40283049126491466
0,roughness,sitting,PPT_012,PPT_013,0.7533731798730239
0,roughness,sitting,PPT_012,PPT_014,0.7252616581679998
0,roughness,sitting,PPT_012,PPT_015,0.7159833819305227
0,roughness,sitting,PPT_012,PPT_016,0.5238379446078848
0,roughness,sitting,PPT_012,PPT_017,0.3758291366823593
0,roughness,sitting,PPT_012,PPT_018,0.5859009741648961
0,roughness,sitting,PPT_012,PPT_019,0.7763099270978115
0,roughness,sitting,PPT_012,PPT_020,0.4588686259575377
0,roughness,sitting,PPT_013,PPT_014,0.7094015766290348
0,roughness,sitting,PPT_013,PPT_015,0.7820973924168106
0,roughness,sitting,PPT_013,PPT_016,0.8355865275038534
0,roughness,sitting,PPT_013,PPT_017,0.08996583409515123
0,roughness,sitting,PPT_013,PPT_018,0.7989499622514616
0,roughness,sitting,PPT_013,PPT_019,0.7107655080183309
0,roughness,sitting,PPT_013,PPT_020,0.6005998664682599
0,roughness,sitting,PPT_014,PPT_015,0.912463912318078
0,roughness,sitting,PPT_014,PPT_016,0.5395672637217722
0,roughness,sitting,PPT_014,PPT_017,0.6511472030160537
0,roughness,sitting,PPT_014,PPT_018,0.5548223389769268
0,roughness,sitting,PPT_014,PPT_019,0.9034215226824394
0,roughness,sitting,PPT_014,PPT_020,0.8386675050814848
0,roughness,sitting,PPT_015,PPT_016,0.5979180120404759
0,roughness,sitting,PPT_015,PPT_017,0.5817952502028712
0,roughness,sitting,PPT_015,PPT_018,0.7012791871239594
0,roughness,sitting,PPT_015,PPT_019,0.864584290613451
0,roughness,sitting,PPT_015,PPT_020,0.7974703440752748
0,roughness,sitting,PPT_016,PPT_017,-0.022339095743024357
0,roughness,sitting,PPT_016,PPT_018,0.6942150719662405
0,roughness,sitting,PPT_016,PPT_019,0.6534497035984019
0,roughness,sitting,PPT_016,PPT_020,0.6000042082671408
0,roughness,sitting,PPT_017,PPT_018,0.12202867364632851
0,roughness,sitting,PPT_017,PPT_019,0.5174272775175062
0,roughness,sitting,PPT_017,PPT_020,0.4421442849400486
0,roughness,sitting,PPT_018,PPT_019,0.5564735995893392
0,roughness,sitting,PPT_018,PPT_020,0.6190147505115716
0,roughness,sitting,PPT_019,PPT_020,0.817300749243545
0,hardness,sitting,PPT_001,PPT_002,0.8815307758136272
0,hardness,sitting,PPT_001,PPT_003,0.6186162569862862
0,hardness,sitting,PPT_001,PPT_004,0.8238764211977994
0,hardness,sitting,PPT_001,PPT_005,0.8415624982181457
0,hardness,sitting,PPT_001,PPT_006,0.7452135493372607
0,hardness,sitting,PPT_001,PPT_007,0.6263818944705988
0,hardness,sitting,PPT_001,PPT_008,0.8067855383110758
0,hardness,sitting,PPT_001,PPT_009,0.7463134961341944
0,hardness,sitting,PPT_001,PPT_010,0.9233048390909204
0,hardness,sitting,PPT_001,PPT_011,0.8554675191518556
0,hardness,sitting,PPT_001,PPT_012,0.8718703976435935
0,hardness,sitting,PPT_001,PPT_013,0.7479736739854798
0,hardness,sitting,PPT_001,PPT_014,0.8767549164101572
0,hardness,sitting,PPT_001,PPT_015,0.9092273207216445
0,hardness,sitting,PPT_001,PPT_016,0.9211498448097041
0,hardness,sitting,PPT_001,PPT_017,0.5326556064742315
0,hardness,sitting,PPT_001,PPT_018,0.849668616852471
0,hardness,sitting,PPT_001,PPT_019,0.7126051048359683
0,hardness,sitting,PPT_001,PPT_020,0.8095960802204901
0,hardness,sitting,PPT_002,PPT_003,0.5602086099193803
0,hardness,sitting,PPT_002,PPT_004,0.7098682219895919
0,hardness,sitting,PPT_002,PPT_005,0.8512527641285977
0,hardness,sitting,PPT_002,PPT_006,0.7211186646889437
0,hardness,sitting,PPT_002,PPT_007,0.4874821192501139
0,hardness,sitting,PPT_002,PPT_008,0.7634506497503442
0,hardness,sitting,PPT_002,PPT_009,0.6411216846359069
0,hardness,sitting,PPT_002,PPT_010,0.8002967235799942
0,hardness,sitting,PPT_002,PPT_011,0.88595023216421
0,hardness,sitting,PPT_002,PPT_012,0.9403976055841532
0,hardness,sitting,PPT_002,PPT_013,0.7525781357607498
0,hardness,sitting,PPT_002,PPT_014,0.7876140462394151
0,hardness,sitting,PPT_002,PPT_015,0.8318620263652249
0,hardness,sitting,PPT_002,PPT_016,0.8762896101323799
0,hardness,sitting,PPT_002,PPT_017,0.5100243691410588
0,hardness,sitting,PPT_002,PPT_018,0.7820332487063761
0,hardness,sitting,PPT_002,PPT_019,0.8305143577089175
0,hardness,sitting,PPT_002,PPT_020,0.6637197018871475
0,hardness,sitting,PPT_003,PPT_004,0.6205604501282803
0,hardness,sitting,PPT_003,PPT_005,0.7217549599813332
0,hardness,sitting,PPT_003,PPT_006,0.5970539114903699
0,hardness,sitting,PPT_003,PPT_007,0.828158010782705
0,hardness,sitting,PPT_003,PPT_008,0.7490943753301353
0,hardness,sitting,PPT_003,PPT_009,0.8265355433563125
0,hardness,sitting,PPT_003,PPT_010,0.7878149593432239
0,hardness,sitting,PPT_003,PPT_011,0.660182599699161
0,hardness,sitting,PPT_003,PPT_012,0.710813872210204
0,hardness,sitting,PPT_003,PPT_013,0.5253185585018776
0,hardness,sitting,PPT_003,PPT_014,0.782436030006476
0,hardness,sitting,PPT_003,PPT_015,0.7317639823489137
0,hardness,sitting,PPT_003,PPT_016,0.7009207961880576
0,hardness,sitting,PPT_003,PPT_017,0.7288407915878762
0,hardness,sitting,PPT_003,PPT_018,0.5268067130585402
0,hardness,sitting,PPT_003,PPT_019,0.4816787609348581
0,hardness,sitting,PPT_003,PPT_020,0.765296955063477
0,hardness,sitting,PPT_004,PPT_005,0.5604719764011798
0,hardness,sitting,PPT_004,PPT_006,0.485630198183676
0,hardness,sitting,PPT_004,PPT_007,0.47566371681415925
0,hardness,sitting,PPT_004,PPT_008,0.7630998388093687
0,hardness,sitting,PPT_004,PPT_009,0.7084872778114062
0,hardness,sitting,PPT_004,PPT_010,0.7867160814030822
0,hardness,sitting,PPT_004,PPT_011,0.8286496078490507
0,hardness,sitting,PPT_004,PPT_012,0.7052323211863094
0,hardness,sitting,PPT_004,PPT_013,0.37315634218289084
0,hardness,sitting,PPT_004,PPT_014,0.73633758319677
0,hardness,sitting,PPT_004,PPT_015,0.7090111132085247
0,hardness,sitting,PPT_004,PPT_016,0.8281710914454276
0,hardness,sitting,PPT_004,PPT_017,0.3600674285090138
0,hardness,sitting,PPT_004,PPT_018,0.8237463126843657
0,hardness,sitting,PPT_004,PPT_019,0.38547590875229687
0,hardness,sitting,PPT_004,PPT_020,0.767356819399643
0,hardness,sitting,PPT_005,PPT_006,0.8997791684101191
0,hardness,sitting,PPT_005,PPT_007,0.7772861356932153
0,hardness,sitting,PPT_005,PPT_008,0.7623618312283151
0,hardness,sitting,PPT_005,PPT_009,0.7424356265398694
0,hardness,sitting,PPT_005,PPT_010,0.8634688698326513
0,hardness,sitting,PPT_005,PPT_011,0.7121787139973936
0,hardness,sitting,PPT_005,PPT_012,0.9071483671685965
0,hardness,sitting,PPT_005,PPT_013,0.896017699115044
0,hardness,sitting,PPT_005,PPT_014,0.8345651645058676
0,hardness,sitting,PPT_005,PPT_015,0.9054662758267201
0,hardness,sitting,PPT_005,PPT_016,0.8185840707964601
0,hardness,sitting,PPT_005,PPT_017,0.7505735468507483
0,hardness,sitting,PPT_005,PPT_018,0.6651917404129792
0,hardness,sitting,PPT_005,PPT_019,0.9251421810055126
0,hardness,sitting,PPT_005,PPT_020,0.7651411596708663
0,hardness,sitting,PPT_006,PPT_007,0.7840827479020201
0,hardness,sitting,PPT_006,PPT_008,0.7013281964660265
0,hardness,sitting,PPT_006,PPT_009,0.7249270421935899
0,hardness,sitting,PPT_006,PPT_010,0.6998532686080537
0,hardness,sitting,PPT_006,PPT_011,0.6360408417957469
0,hardness,sitting,PPT_006,PPT_012,0.7209131075110456
0,hardness,sitting,PPT_006,PPT_013,0.915254485802922
0,hardness,sitting,PPT_006,PPT_014,0.738747198086336
0,hardness,sitting,PPT_006,PPT_015,0.7822897402312851
0,hardness,sitting,PPT_006,PPT_016,0.7059692410621573
0,hardness,sitting,PPT_006,PPT_017,0.7655997017846891
0,hardness,sitting,PPT_006,PPT_018,0.5003685957006312
0,hardness,sitting,PPT_006,PPT_019,0.8622373617765771
0,hardness,sitting,PPT_006,PPT_020,0.6929906283746949
0,hardness,sitting,PPT_007,PPT_008,0.735055550729334
0,hardness,sitting,PPT_007,PPT_009,0.8693729304810798
0,hardness,sitting,PPT_007,PPT_010,0.7512917175125119
0,hardness,sitting,PPT_007,PPT_011,0.5081691865502236
0,hardness,sitting,PPT_007,PPT_012,0.6219603752155122
0,hardness,sitting,PPT_007,PPT_013,0.6364306784660766
0,hardness,sitting,PPT_007,PPT_014,0.7525857545411321
0,hardness,sitting,PPT_007,PPT_015,0.7843435439869305
0,hardness,sitting,PPT_007,PPT_016,0.6556047197640117
0,hardness,sitting,PPT_007,PPT_017,0.8099661123780082
0,hardness,sitting,PPT_007,PPT_018,0.37536873156342176
0,hardness,sitting,PPT_007,PPT_019,0.6011941576886783
0,hardness,sitting,PPT_007,PPT_020,0.6713448978193219
0,hardness,sitting,PPT_008,PPT_009,0.9387001477104874
0,hardness,sitting,PPT_008,PPT_010,0.8611521418020679
0,hardness,sitting,PPT_008,PPT_011,0.7810053492681344
0,hardness,sitting,PPT_008,PPT_012,0.8407088790444482
0,hardness,sitting,PPT_008,PPT_013,0.6088562543691772
0,hardness,sitting,PPT_008,PPT_014,0.9090911573938731
0,hardness,sitting,PPT_008,PPT_015,0.8248339281720021
0,hardness,sitting,PPT_008,PPT_016,0.8885611275884719
0,hardness,sitting,PPT_008,PPT_017,0.6188816593704543
0,hardness,sitting,PPT_008,PPT_018,0.6996311868387636
0,hardness,sitting,PPT_008,PPT_019,0.5905103005871192
0,hardness,sitting,PPT_008,PPT_020,0.8307467161875719
0,hardness,sitting,PPT_009,PPT_010,0.8345642540620384
0,hardness,sitting,PPT_009,PPT_011,0.7201285064544587
0,hardness,sitting,PPT_009,PPT_012,0.7367264650573716
0,hardness,sitting,PPT_009,PPT_013,0.5608857616006966
0,hardness,sitting,PPT_009,PPT_014,0.852919671245959
0,hardness,sitting,PPT_009,PPT_015,0.8218775341642169
0,hardness,sitting,PPT_009,PPT_016,0.8118083391589029
0,hardness,sitting,PPT_009,PPT_017,0.684261714622075
0,hardness,sitting,PPT_009,PPT_018,0.5815499738701959
0,hardness,sitting,PPT_009,PPT_019,0.5482250152435693
0,hardness,sitting,PPT_009,PPT_020,0.7730970330357654
0,hardness,sitting,PPT_010,PPT_011,0.7921413570999043
0,hardness,sitting,PPT_010,PPT_012,0.8687325083459299
0,hardness,sitting,PPT_010,PPT_013,0.6738009215018895
0,hardness,sitting,PPT_010,PPT_014,0.8839618083277011
0,hardness,sitting,PPT_010,PPT_015,0.889874596343271
0,hardness,sitting,PPT_010,PPT_016,0.8981552261421679
0,hardness,sitting,PPT_010,PPT_017,0.5676177524117972
0,hardness,sitting,PPT_010,PPT_018,0.8036902557673138
0,hardness,sitting,PPT_010,PPT_019,0.6802738010532516
0,hardness,sitting,PPT_010,PPT_020,0.855876065253744
0,hardness,sitting,PPT_011,PPT_012,0.8347109415641154
0,hardness,sitting,PPT_011,PPT_013,0.633542314326848
0,hardness,sitting,PPT_011,PPT_014,0.8157584763426048
0,hardness,sitting,PPT_011,PPT_015,0.7667238138302077
0,hardness,sitting,PPT_011,PPT_016,0.9198975055799669
0,hardness,sitting,PPT_011,PPT_017,0.5399553410204401
0,hardness,sitting,PPT_011,PPT_018,0.8331007248115344
0,hardness,sitting,PPT_011,PPT_019,0.6487697553301863
0,hardness,sitting,PPT_011,PPT_020,0.6627108933493656
0,hardness,sitting,PPT_012,PPT_013,0.7546059528681096
0,hardness,sitting,PPT_012,PPT_014,0.8863490358658237
0,hardness,sitting,PPT_012,PPT_015,0.9121793574772342
0,hardness,sitting,PPT_012,PPT_016,0.9115698864236832
0,hardness,sitting,PPT_012,PPT_017,0.6387416116633889
0,hardness,sitting,PPT_012,PPT_018,0.793662706288041
0,hardness,sitting,PPT_012,PPT_019,0.8133476144593484
0,hardness,sitting,PPT_012,PPT_020,0.7675295564533362
0,hardness,sitting,PPT_013,PPT_014,0.7577556272416109
0,hardness,sitting,PPT_013,PPT_015,0.7621869466991641
0,hardness,sitting,PPT_013,PPT_016,0.7116519174041297
0,hardness,sitting,PPT_013,PPT_017,0.7468615115052945
0,hardness,sitting,PPT_013,PPT_018,0.5634218289085544
0,hardness,sitting,PPT_013,PPT_019,0.8925249887264719
0,hardness,sitting,PPT_013,PPT_020,0.6418027681023
0,hardness,sitting,PPT_014,PPT_015,0.9142011834319526
0,hardness,sitting,PPT_014,PPT_016,0.9423939379729975
0,hardness,sitting,PPT_014,PPT_017,0.7717576640404685
0,hardness,sitting,PPT_014,PPT_018,0.8101929074893245
0,hardness,sitting,PPT_014,PPT_019,0.6711256332498974
0,hardness,sitting,PPT_014,PPT_020,0.8247041420118342
0,hardness,sitting,PPT_015,PPT_016,0.8877409979965071
0,hardness,sitting,PPT_015,PPT_017,0.7375564573488871
0,hardness,sitting,PPT_015,PPT_018,0.7680953726425684
0,hardness,sitting,PPT_015,PPT_019,0.7735762277061871
0,hardness,sitting,PPT_015,PPT_020,0.7455621301775148
0,hardness,sitting,PPT_016,PPT_017,0.6436669289016802
0,hardness,sitting,PPT_016,PPT_018,0.8657817109144541
0,hardness,sitting,PPT_016,PPT_019,0.7168369303143676
0,hardness,sitting,PPT_016,PPT_020,0.7880363102015582
0,hardness,sitting,PPT_017,PPT_018,0.46920126766535397
0,hardness,sitting,PPT_017,PPT_019,0.6791052340227358
0,hardness,sitting,PPT_017,PPT_020,0.5390407576390556
0,hardness,sitting,PPT_018,PPT_019,0.5826616620755871
0,hardness,sitting,PPT_018,PPT_020,0.6543581732320343
0,hardness,sitting,PPT_019,PPT_020,0.5204193240134714
0,slipperiness,sitting,PPT_001,PPT_002,0.7496326244661873
0,slipperiness,sitting,PPT_001,PPT_003,0.8254582379024444
0,slipperiness,sitting,PPT_001,PPT_004,0.29182090473082656
0,slipperiness,sitting,PPT_001,PPT_005,0.5110462096066148
0,slipperiness,sitting,PPT_001,PPT_006,0.7354476336398104
0,slipperiness,sitting,PPT_001,PPT_007,0.7562851211678786
0,slipperiness,sitting,PPT_001,PPT_008,0.701031688105904
0,slipperiness,sitting,PPT_001,PPT_009,0.030905085629526156
0,slipperiness,sitting,PPT_001,PPT_010,0.5537561233777729
0,slipperiness,sitting,PPT_001,PPT_011,0.0738012404616746
0,slipperiness,sitting,PPT_001,PPT_012,0.7858721774365224
0,slipperiness,sitting,PPT_001,PPT_013,0.40295477292074333
0,slipperiness,sitting,PPT_001,PPT_014,0.42784072972883624
0,slipperiness,sitting,PPT_001,PPT_015,0.6617554859805108
0,slipperiness,sitting,PPT_001,PPT_016,0.14084975310581566
0,slipperiness,sitting,PPT_001,PPT_017,0.3535564854098283
0,slipperiness,sitting,PPT_001,PPT_018,0.5317629758211646
0,slipperiness,sitting,PPT_001,PPT_019,0.4035530728388461
0,slipperiness,sitting,PPT_001,PPT_020,0.5180847080409557
0,slipperiness,sitting,PPT_002,PPT_003,0.8237118391694509
0,slipperiness,sitting,PPT_002,PPT_004,0.5107012460890553
0,slipperiness,sitting,PPT_002,PPT_005,0.8311209439528021
0,slipperiness,sitting,PPT_002,PPT_006,0.8103323239967959
0,slipperiness,sitting,PPT_002,PPT_007,0.8875778490765002
0,slipperiness,sitting,PPT_002,PPT_008,0.7957227138643067
0,slipperiness,sitting,PPT_002,PPT_009,0.348563101275992
0,slipperiness,sitting,PPT_002,PPT_010,0.8923303834808259
0,slipperiness,sitting,PPT_002,PPT_011,0.20251343203904504
0,slipperiness,sitting,PPT_002,PPT_012,0.7678705106333693
0,slipperiness,sitting,PPT_002,PPT_013,0.5410212855933613
0,slipperiness,sitting,PPT_002,PPT_014,0.766504018557452
0,slipperiness,sitting,PPT_002,PPT_015,0.898155226142168
0,slipperiness,sitting,PPT_002,PPT_016,0.421687215243546
0,slipperiness,sitting,PPT_002,PPT_017,0.7340813242957966
0,slipperiness,sitting,PPT_002,PPT_018,0.5584343967106313
0,slipperiness,sitting,PPT_002,PPT_019,0.581795250202871
0,slipperiness,sitting,PPT_002,PPT_020,0.6977105103826954
0,slipperiness,sitting,PPT_003,PPT_004,0.12750272902893595
0,slipperiness,sitting,PPT_003,PPT_005,0.540746081469154
0,slipperiness,sitting,PPT_003,PPT_006,0.5826578198647887
0,slipperiness,sitting,PPT_003,PPT_007,0.6939086412097969
0,slipperiness,sitting,PPT_003,PPT_008,0.61482088714986
0,slipperiness,sitting,PPT_003,PPT_009,-0.001480404771945854
0,slipperiness,sitting,PPT_003,PPT_010,0.6133393910362459
0,slipperiness,sitting,PPT_003,PPT_011,-0.03860440160957241
0,slipperiness,sitting,PPT_003,PPT_012,0.8231050532018948
0,slipperiness,sitting,PPT_003,PPT_013,0.31328956690845305
0,slipperiness,sitting,PPT_003,PPT_014,0.4690991620595878
0,slipperiness,sitting,PPT_003,PPT_015,0.7724293235357632
0,slipperiness,sitting,PPT_003,PPT_016,0.08501139841424755
0,slipperiness,sitting,PPT_003,PPT_017,0.431547619047619
0,slipperiness,sitting,PPT_003,PPT_018,0.503715266317176
0,slipperiness,sitting,PPT_003,PPT_019,0.31524172281802804
0,slipperiness,sitting,PPT_003,PPT_020,0.4083157862550928
0,slipperiness,sitting,PPT_004,PPT_005,0.6546127243944971
0,slipperiness,sitting,PPT_004,PPT_006,0.6329394387001477
0,slipperiness,sitting,PPT_004,PPT_007,0.5588466776060004
0,slipperiness,sitting,PPT_004,PPT_008,0.43321045007843273
0,slipperiness,sitting,PPT_004,PPT_009,0.8311218479676254
0,slipperiness,sitting,PPT_004,PPT_010,0.6819190048934785
0,slipperiness,sitting,PPT_004,PPT_011,0.6723380137451218
0,slipperiness,sitting,PPT_004,PPT_012,0.09439538291025383
0,slipperiness,sitting,PPT_004,PPT_013,0.5502964600950172
0,slipperiness,sitting,PPT_004,PPT_014,0.5474831681322789
0,slipperiness,sitting,PPT_004,PPT_015,0.36336779911373707
0,slipperiness,sitting,PPT_004,PPT_016,0.7741592905930533
0,slipperiness,sitting,PPT_004,PPT_017,0.509269621179529
0,slipperiness,sitting,PPT_004,PPT_018,0.6461896020530308
0,slipperiness,sitting,PPT_004,PPT_019,0.7696330079986708
0,slipperiness,sitting,PPT_004,PPT_020,0.755917986850951
0,slipperiness,sitting,PPT_005,PPT_006,0.6811809973124249
0,slipperiness,sitting,PPT_005,PPT_007,0.858731568981514
0,slipperiness,sitting,PPT_005,PPT_008,0.7396755162241886
0,slipperiness,sitting,PPT_005,PPT_009,0.6145911764570346
0,slipperiness,sitting,PPT_005,PPT_010,0.7846607669616519
0,slipperiness,sitting,PPT_005,PPT_011,0.5092399805653359
0,slipperiness,sitting,PPT_005,PPT_012,0.5762713429129509
0,slipperiness,sitting,PPT_005,PPT_013,0.6755375068747708
0,slipperiness,sitting,PPT_005,PPT_014,0.8576838969738605
0,slipperiness,sitting,PPT_005,PPT_015,0.7881920965651894
0,slipperiness,sitting,PPT_005,PPT_016,0.5464116028507919
0,slipperiness,sitting,PPT_005,PPT_017,0.7681557349089215
0,slipperiness,sitting,PPT_005,PPT_018,0.5495586182198663
0,slipperiness,sitting,PPT_005,PPT_019,0.4789077950143226
0,slipperiness,sitting,PPT_005,PPT_020,0.695493210031903
0,slipperiness,sitting,PPT_006,PPT_007,0.9074781811191476
0,slipperiness,sitting,PPT_006,PPT_008,0.7424356265398694
0,slipperiness,sitting,PPT_006,PPT_009,0.3399708712627111
0,slipperiness,sitting,PPT_006,PPT_010,0.8457566878873662
0,slipperiness,sitting,PPT_006,PPT_011,0.24482275307990684
0,slipperiness,sitting,PPT_006,PPT_012,0.5730094728224001
0,slipperiness,sitting,PPT_006,PPT_013,0.6553261608120768
0,slipperiness,sitting,PPT_006,PPT_014,0.7707791486306744
0,slipperiness,sitting,PPT_006,PPT_015,0.7858197932053176
0,slipperiness,sitting,PPT_006,PPT_016,0.5052095178534322
0,slipperiness,sitting,PPT_006,PPT_017,0.7227625628093753
0,slipperiness,sitting,PPT_006,PPT_018,0.6617336818275024
0,slipperiness,sitting,PPT_006,PPT_019,0.6466695052770352
0,slipperiness,sitting,PPT_006,PPT_020,0.8069535456500857
0,slipperiness,sitting,PPT_007,PPT_008,0.8328438817167826
0,slipperiness,sitting,PPT_007,PPT_009,0.3754645002413278
0,slipperiness,sitting,PPT_007,PPT_010,0.8306249370940914
0,slipperiness,sitting,PPT_007,PPT_011,0.3113418201610679
0,slipperiness,sitting,PPT_007,PPT_012,0.6873661126465254
0,slipperiness,sitting,PPT_007,PPT_013,0.7190513465624663
0,slipperiness,sitting,PPT_007,PPT_014,0.8535337217045229
0,slipperiness,sitting,PPT_007,PPT_015,0.8934144898946256
0,slipperiness,sitting,PPT_007,PPT_016,0.46984688989181106
0,slipperiness,sitting,PPT_007,PPT_017,0.7719176426305985
0,slipperiness,sitting,PPT_007,PPT_018,0.5660237388724036
0,slipperiness,sitting,PPT_007,PPT_019,0.5048256773488632
0,slipperiness,sitting,PPT_007,PPT_020,0.7464790783385603
0,slipperiness,sitting,PPT_008,PPT_009,0.2903464310840187
0,slipperiness,sitting,PPT_008,PPT_010,0.7109144542772861
0,slipperiness,sitting,PPT_008,PPT_011,0.28824904560302034
0,slipperiness,sitting,PPT_008,PPT_012,0.6728078466490078
0,slipperiness,sitting,PPT_008,PPT_013,0.8019236268699411
0,slipperiness,sitting,PPT_008,PPT_014,0.7716931173291175
0,slipperiness,sitting,PPT_008,PPT_015,0.7845020586599215
0,slipperiness,sitting,PPT_008,PPT_016,0.276175429701759
0,slipperiness,sitting,PPT_008,PPT_017,0.700006913682672
0,slipperiness,sitting,PPT_008,PPT_018,0.41198405161300883
0,slipperiness,sitting,PPT_008,PPT_019,0.4344959438537981
0,slipperiness,sitting,PPT_008,PPT_020,0.479675975888103
0,slipperiness,sitting,PPT_009,PPT_010,0.45541648327391776
0,slipperiness,sitting,PPT_009,PPT_011,0.8936523486591443
0,slipperiness,sitting,PPT_009,PPT_012,-0.03608247422680412
0,slipperiness,sitting,PPT_009,PPT_013,0.5199431846744113
0,slipperiness,sitting,PPT_009,PPT_014,0.5111200855892081
0,slipperiness,sitting,PPT_009,PPT_015,0.197640332968344
0,slipperiness,sitting,PPT_009,PPT_016,0.8976508131390252
0,slipperiness,sitting,PPT_009,PPT_017,0.4996366105317257
0,slipperiness,sitting,PPT_009,PPT_018,0.4560267650568883
0,slipperiness,sitting,PPT_009,PPT_019,0.6945334665627694
0,slipperiness,sitting,PPT_009,PPT_020,0.5967529733194947
0,slipperiness,sitting,PPT_010,PPT_011,0.2313383365993471
0,slipperiness,sitting,PPT_010,PPT_012,0.49668399632139243
0,slipperiness,sitting,PPT_010,PPT_013,0.5838890923753489
0,slipperiness,sitting,PPT_010,PPT_014,0.8154298069760125
0,slipperiness,sitting,PPT_010,PPT_015,0.8583028167652765
0,slipperiness,sitting,PPT_010,PPT_016,0.531563461468977
0,slipperiness,sitting,PPT_010,PPT_017,0.7666742387953074
0,slipperiness,sitting,PPT_010,PPT_018,0.6449732369955901
0,slipperiness,sitting,PPT_010,PPT_019,0.678761125236683
0,slipperiness,sitting,PPT_010,PPT_020,0.798228126285287
0,slipperiness,sitting,PPT_011,PPT_012,-0.04800611790317717
0,slipperiness,sitting,PPT_011,PPT_013,0.477037037037037
0,slipperiness,sitting,PPT_011,PPT_014,0.38558862686857404
0,slipperiness,sitting,PPT_011,PPT_015,0.05547343347732028
0,slipperiness,sitting,PPT_011,PPT_016,0.8184605368896306
0,slipperiness,sitting,PPT_011,PPT_017,0.3385309064224042
0,slipperiness,sitting,PPT_011,PPT_018,0.3491476126091975
0,slipperiness,sitting,PPT_011,PPT_019,0.6275971299358488
0,slipperiness,sitting,PPT_011,PPT_020,0.43555555555555553
0,slipperiness,sitting,PPT_012,PPT_013,0.3545067168234622
0,slipperiness,sitting,PPT_012,PPT_014,0.49778651813905483
0,slipperiness,sitting,PPT_012,PPT_015,0.7588503829269624
0,slipperiness,sitting,PPT_012,PPT_016,-0.01780464422755091
0,slipperiness,sitting,PPT_012,PPT_017,0.49445519382991526
0,slipperiness,sitting,PPT_012,PPT_018,0.2867720986095181
0,slipperiness,sitting,PPT_012,PPT_019,0.18269410675293296
0,slipperiness,sitting,PPT_012,PPT_020,0.3604151621038532
0,slipperiness,sitting,PPT_013,PPT_014,0.7377447138352486
0,slipperiness,sitting,PPT_013,PPT_015,0.5968941442159662
0,slipperiness,sitting,PPT_013,PPT_016,0.41592676374663956
0,slipperiness,sitting,PPT_013,PPT_017,0.7847087019484238
0,slipperiness,sitting,PPT_013,PPT_018,0.487768851585673
0,slipperiness,sitting,PPT_013,PPT_019,0.34495586929098077
0,slipperiness,sitting,PPT_013,PPT_020,0.4037037037037037
0,slipperiness,sitting,PPT_014,PPT_015,0.8338361530903544
0,slipperiness,sitting,PPT_014,PPT_016,0.5656722718563009
0,slipperiness,sitting,PPT_014,PPT_017,0.8957560189804511
0,slipperiness,sitting,PPT_014,PPT_018,0.5442392720276227
0,slipperiness,sitting,PPT_014,PPT_019,0.48363148786466703
0,slipperiness,sitting,PPT_014,PPT_020,0.7518606751271617
0,slipperiness,sitting,PPT_015,PPT_016,0.264492041699738
0,slipperiness,sitting,PPT_015,PPT_017,0.7724293235357632
0,slipperiness,sitting,PPT_015,PPT_018,0.47076355888399496
0,slipperiness,sitting,PPT_015,PPT_019,0.3592608362650196
0,slipperiness,sitting,PPT_015,PPT_020,0.610207768250523
0,slipperiness,sitting,PPT_016,PPT_017,0.5190169587396167
0,slipperiness,sitting,PPT_016,PPT_018,0.47059149669037187
0,slipperiness,sitting,PPT_016,PPT_019,0.8345789680674205
0,slipperiness,sitting,PPT_016,PPT_020,0.7574480241396763
0,slipperiness,sitting,PPT_017,PPT_018,0.5438341813335882
0,slipperiness,sitting,PPT_017,PPT_019,0.41635699240116913
0,slipperiness,sitting,PPT_017,PPT_020,0.6072769330121198
0,slipperiness,sitting,PPT_018,PPT_019,0.5345213054282081
0,slipperiness,sitting,PPT_018,PPT_020,0.6656784631062832
0,slipperiness,sitting,PPT_019,PPT_020,0.7678049993896022
0,roughness,hand,PPT_001,PPT_002,0.669374334329977
0,roughness,hand,PPT_001,PPT_003,0.6264854591892074
0,roughness,hand,PPT_001,PPT_004,0.7264019700515628
0,roughness,hand,PPT_001,PPT_005,0.872050007537279
0,roughness,hand,PPT_001,PPT_006,0.6403833721117063
0,roughness,hand,PPT_001,PPT_007,0.7566379911400034
0,roughness,hand,PPT_001,PPT_008,0.7084764682212966
0,roughness,hand,PPT_001,PPT_009,0.5373281332193806
0,roughness,hand,PPT_001,PPT_010,0.7581435604119687
0,roughness,hand,PPT_001,PPT_011,0.32766594854878256
0,roughness,hand,PPT_001,PPT_013,0.8509245947987466
0,roughness,hand,PPT_001,PPT_014,0.7313199573412519
0,roughness,hand,PPT_001,PPT_015,0.7487116904418604
0,roughness,hand,PPT_001,PPT_016,0.5986737110147156
0,roughness,hand,PPT_001,PPT_017,0.6558586895045093
0,roughness,hand,PPT_001,PPT_018,0.6504109452999379
0,roughness,hand,PPT_001,PPT_019,0.7301108699139818
0,roughness,hand,PPT_001,PPT_020,0.6134557779533506
0,roughness,hand,PPT_002,PPT_003,0.5745010499817954
0,roughness,hand,PPT_002,PPT_004,0.7804880180552277
0,roughness,hand,PPT_002,PPT_005,0.8035601782971177
0,roughness,hand,PPT_002,PPT_006,0.8323495047770909
0,roughness,hand,PPT_002,PPT_007,0.8470068832303892
0,roughness,hand,PPT_002,PPT_008,0.7078162776170772
0,roughness,hand,PPT_002,PPT_009,0.35407446263336834
0,roughness,hand,PPT_002,PPT_010,0.8576744707470159
0,roughness,hand,PPT_002,PPT_011,0.31579025457063853
0,roughness,hand,PPT_002,PPT_013,0.8579881656804733
0,roughness,hand,PPT_002,PPT_014,0.7737422788964513
0,roughness,hand,PPT_002,PPT_015,0.6688896229245431
0,roughness,hand,PPT_002,PPT_016,0.7192600485711311
0,roughness,hand,PPT_002,PPT_017,0.7858206504727816
0,roughness,hand,PPT_002,PPT_018,0.7903712377192552
0,roughness,hand,PPT_002,PPT_019,0.9006472111302388
0,roughness,hand,PPT_002,PPT_020,0.6325932867968548
0,roughness,hand,PPT_003,PPT_004,0.3592608362650196
0,roughness,hand,PPT_003,PPT_005,0.4769687964338782
0,roughness,hand,PPT_003,PPT_006,0.6876434954687878
0,roughness,hand,PPT_003,PPT_007,0.705929024660956
0,roughness,hand,PPT_003,PPT_008,0.6982147259635472
0,roughness,hand,PPT_003,PPT_009,0.6659244596793092
0,roughness,hand,PPT_003,PPT_010,0.7793462109955424
0,roughness,hand,PPT_003,PPT_011,0.26597325408618133
0,roughness,hand,PPT_003,PPT_013,0.6508540927535694
0,roughness,hand,PPT_003,PPT_014,0.7791823714936165
0,roughness,hand,PPT_003,PPT_015,0.66815163178526
0,roughness,hand,PPT_003,PPT_016,0.3407573322104826
0,roughness,hand,PPT_003,PPT_017,0.5470059667937935
0,roughness,hand,PPT_003,PPT_018,0.4810691748853873
0,roughness,hand,PPT_003,PPT_019,0.7131328228860604
0,roughness,hand,PPT_003,PPT_020,0.744617874089573
0,roughness,hand,PPT_004,PPT_005,0.9400041262274429
0,roughness,hand,PPT_004,PPT_006,0.5055351930216805
0,roughness,hand,PPT_004,PPT_007,0.5886262924667651
0,roughness,hand,PPT_004,PPT_008,0.49555110060035185
0,roughness,hand,PPT_004,PPT_009,0.15692118629466498
0,roughness,hand,PPT_004,PPT_010,0.6562991771769223
0,roughness,hand,PPT_004,PPT_011,0.6000026337621976
0,roughness,hand,PPT_004,PPT_013,0.7819662150591201
0,roughness,hand,PPT_004,PPT_014,0.4558963857720675
0,roughness,hand,PPT_004,PPT_015,0.3538128634379711
0,roughness,hand,PPT_004,PPT_016,0.9193212895187448
0,roughness,hand,PPT_004,PPT_017,0.7416976189588159
0,roughness,hand,PPT_004,PPT_018,0.6869002871766468
0,roughness,hand,PPT_004,PPT_019,0.7379103806148969
0,roughness,hand,PPT_004,PPT_020,0.4892684157583658
0,roughness,hand,PPT_005,PPT_006,0.6165845336119486
0,roughness,hand,PPT_005,PPT_007,0.7200031605146372
0,roughness,hand,PPT_005,PPT_008,0.6140116693638878
0,roughness,hand,PPT_005,PPT_009,0.3080921413232033
0,roughness,hand,PPT_005,PPT_010,0.7384843982169391
0,roughness,hand,PPT_005,PPT_011,0.42050520059435365
0,roughness,hand,PPT_005,PPT_013,0.8465550955860778
0,roughness,hand,PPT_005,PPT_014,0.6074351121281343
0,roughness,hand,PPT_005,PPT_015,0.5263550077063882
0,roughness,hand,PPT_005,PPT_016,0.8144026000760336
0,roughness,hand,PPT_005,PPT_017,0.7542612722095746
0,roughness,hand,PPT_005,PPT_018,0.6688940224872437
0,roughness,hand,PPT_005,PPT_019,0.7685654162616575
0,roughness,hand,PPT_005,PPT_020,0.5835190917591271
0,roughness,hand,PPT_006,PPT_007,0.9372696279380062
0,roughness,hand,PPT_006,PPT_008,0.858222571868907
0,roughness,hand,PPT_006,PPT_009,0.5872806768056176
0,roughness,hand,PPT_006,PPT_010,0.867511492668912
0,roughness,hand,PPT_006,PPT_011,0.06587757922144469
0,roughness,hand,PPT_006,PPT_013,0.8072386945176224
0,roughness,hand,PPT_006,PPT_014,0.8518602653281194
0,roughness,hand,PPT_006,PPT_015,0.823228455018454
0,roughness,hand,PPT_006,PPT_016,0.4267770157642839
0,roughness,hand,PPT_006,PPT_017,0.8016224188790559
0,roughness,hand,PPT_006,PPT_018,0.8091751390747427
0,roughness,hand,PPT_006,PPT_019,0.8463289897372117
0,roughness,hand,PPT_006,PPT_020,0.7573997645452801
0,roughness,hand,PPT_007,PPT_008,0.9212644149091999
0,roughness,hand,PPT_007,PPT_009,0.5721701745555474
0,roughness,hand,PPT_007,PPT_010,0.8977817186663994
0,roughness,hand,PPT_007,PPT_011,0.19926013392843356
0,roughness,hand,PPT_007,PPT_013,0.8566151637556902
0,roughness,hand,PPT_007,PPT_014,0.8621260108177471
0,roughness,hand,PPT_007,PPT_015,0.8771302158451794
0,roughness,hand,PPT_007,PPT_016,0.5203565753073088
0,roughness,hand,PPT_007,PPT_017,0.8302585286852416
0,roughness,hand,PPT_007,PPT_018,0.8527038047710096
0,roughness,hand,PPT_007,PPT_019,0.896247425848053
0,roughness,hand,PPT_007,PPT_020,0.8512234162210601
0,roughness,hand,PPT_008,PPT_009,0.5696242008989469
0,roughness,hand,PPT_008,PPT_010,0.7757113444269507
0,roughness,hand,PPT_008,PPT_011,0.22056729870353256
0,roughness,hand,PPT_008,PPT_013,0.7606050966410398
0,roughness,hand,PPT_008,PPT_014,0.8575711243542519
0,roughness,hand,PPT_008,PPT_015,0.8034307356470115
0,roughness,hand,PPT_008,PPT_016,0.4914404870500719
0,roughness,hand,PPT_008,PPT_017,0.7758153871998338
0,roughness,hand,PPT_008,PPT_018,0.8272581532009542
0,roughness,hand,PPT_008,PPT_019,0.8392302389153022
0,roughness,hand,PPT_008,PPT_020,0.8101321968340578
0,roughness,hand,PPT_009,PPT_010,0.5998516872027668
0,roughness,hand,PPT_009,PPT_011,0.0994803540658054
0,roughness,hand,PPT_009,PPT_013,0.5607413560951042
0,roughness,hand,PPT_009,PPT_014,0.7243692989074433
0,roughness,hand,PPT_009,PPT_015,0.5927299703264095
0,roughness,hand,PPT_009,PPT_016,0.08160237388724036
0,roughness,hand,PPT_009,PPT_017,0.5658308787862688
0,roughness,hand,PPT_009,PPT_018,0.44213649851632053
0,roughness,hand,PPT_009,PPT_019,0.40046525628385393
0,roughness,hand,PPT_009,PPT_020,0.6721068249258161
0,roughness,hand,PPT_010,PPT_011,0.35289747399702825
0,roughness,hand,PPT_010,PPT_013,0.9325449301639982
0,roughness,hand,PPT_010,PPT_014,0.7985132318550993
0,roughness,hand,PPT_010,PPT_015,0.7624352509371801
0,roughness,hand,PPT_010,PPT_016,0.6169266733483901
0,roughness,hand,PPT_010,PPT_017,0.8253202340664137
0,roughness,hand,PPT_010,PPT_018,0.7587232974272619
0,roughness,hand,PPT_010,PPT_019,0.8726888011158197
0,roughness,hand,PPT_010,PPT_020,0.7980700046323941
0,roughness,hand,PPT_011,PPT_013,0.4091930059225175
0,roughness,hand,PPT_011,PPT_014,0.1434944634525458
0,roughness,hand,PPT_011,PPT_015,0.0831477586221657
0,roughness,hand,PPT_011,PPT_016,0.7527841718113929
0,roughness,hand,PPT_011,PPT_017,0.462623449588797
0,roughness,hand,PPT_011,PPT_018,0.39643663485925434
0,roughness,hand,PPT_011,PPT_019,0.3146174218614972
0,roughness,hand,PPT_011,PPT_020,0.3637714439719749
0,roughness,hand,PPT_013,PPT_014,0.7826443952404181
0,roughness,hand,PPT_013,PPT_015,0.7296304303218992
0,roughness,hand,PPT_013,PPT_016,0.7148155992493732
0,roughness,hand,PPT_013,PPT_017,0.8308723982912399
0,roughness,hand,PPT_013,PPT_018,0.8237046076324385
0,roughness,hand,PPT_013,PPT_019,0.8475800310553452
0,roughness,hand,PPT_013,PPT_020,0.6703711060317958
0,roughness,hand,PPT_014,PPT_015,0.8506695869220745
0,roughness,hand,PPT_014,PPT_016,0.37147143533715044
0,roughness,hand,PPT_014,PPT_017,0.7296368359549544
0,roughness,hand,PPT_014,PPT_018,0.7161969273300259
0,roughness,hand,PPT_014,PPT_019,0.7818810392037039
0,roughness,hand,PPT_014,PPT_020,0.7236263560367691
0,roughness,hand,PPT_015,PPT_016,0.24109792284866474
0,roughness,hand,PPT_015,PPT_017,0.6005943445417651
0,roughness,hand,PPT_015,PPT_018,0.725519287833828
0,roughness,hand,PPT_015,PPT_019,0.7335625255293026
0,roughness,hand,PPT_015,PPT_020,0.6721068249258161
0,roughness,hand,PPT_016,PPT_017,0.6767781099208313
0,roughness,hand,PPT_016,PPT_018,0.6194362017804155
0,roughness,hand,PPT_016,PPT_019,0.6617033393550035
0,roughness,hand,PPT_016,PPT_020,0.4606824925816024
0,roughness,hand,PPT_017,PPT_018,0.8624298100193326
0,roughness,hand,PPT_017,PPT_019,0.8045349655526579
0,roughness,hand,PPT_017,PPT_020,0.8276663442638362
0,roughness,hand,PPT_018,PPT_019,0.8697955659847444
0,roughness,hand,PPT_018,PPT_020,0.7032640949554896
0,roughness,hand,PPT_019,PPT_020,0.7470361229369836
0,hardness,hand,PPT_001,PPT_002,0.9108349450689436
0,hardness,hand,PPT_001,PPT_003,0.5836418094616531
0,hardness,hand,PPT_001,PPT_004,0.9558823529411766
0,hardness,hand,PPT_001,PPT_005,0.9323529411764706
0,hardness,hand,PPT_001,PPT_006,0.5840733376606898
0,hardness,hand,PPT_001,PPT_007,0.6863041316330909
0,hardness,hand,PPT_001,PPT_008,0.7487122202184843
0,hardness,hand,PPT_001,PPT_009,0.7826106081417621
0,hardness,hand,PPT_001,PPT_010,0.8856148855400954
0,hardness,hand,PPT_001,PPT_011,0.7773537764707596
0,hardness,hand,PPT_001,PPT_013,0.6578199712037062
0,hardness,hand,PPT_001,PPT_014,0.8529308535824696
0,hardness,hand,PPT_001,PPT_015,0.8085428503574398
0,hardness,hand,PPT_001,PPT_016,0.8468344971867539
0,hardness,hand,PPT_001,PPT_017,0.6435942178619328
0,hardness,hand,PPT_001,PPT_018,0.842810166072324
0,hardness,hand,PPT_001,PPT_019,0.7129633525514814
0,hardness,hand,PPT_001,PPT_020,0.6312711831282203
0,hardness,hand,PPT_002,PPT_003,0.5679468242245199
0,hardness,hand,PPT_002,PPT_004,0.9285210605071755
0,hardness,hand,PPT_002,PPT_005,0.8415643262692019
0,hardness,hand,PPT_002,PPT_006,0.5794532255258509
0,hardness,hand,PPT_002,PPT_007,0.6686348684345146
0,hardness,hand,PPT_002,PPT_008,0.8330871491875923
0,hardness,hand,PPT_002,PPT_009,0.7097488921713441
0,hardness,hand,PPT_002,PPT_010,0.7929002758358312
0,hardness,hand,PPT_002,PPT_011,0.7880982479368196
0,hardness,hand,PPT_002,PPT_013,0.6341465146698725
0,hardness,hand,PPT_002,PPT_014,0.8192628554827044
0,hardness,hand,PPT_002,PPT_015,0.7298894976619591
0,hardness,hand,PPT_002,PPT_016,0.7557197629988333
0,hardness,hand,PPT_002,PPT_017,0.720295399108263
0,hardness,hand,PPT_002,PPT_018,0.7529594037321605
0,hardness,hand,PPT_002,PPT_019,0.7115263467186329
0,hardness,hand,PPT_002,PPT_020,0.6770142277827542
0,hardness,hand,PPT_003,PPT_004,0.6764939155123706
0,hardness,hand,PPT_003,PPT_005,0.5335311490533293
0,hardness,hand,PPT_003,PPT_006,0.889874596343271
0,hardness,hand,PPT_003,PPT_007,0.8878231200074185
0,hardness,hand,PPT_003,PPT_008,0.7858197932053176
0,hardness,hand,PPT_003,PPT_009,0.7865583456425407
0,hardness,hand,PPT_003,PPT_010,0.759616215749439
0,hardness,hand,PPT_003,PPT_011,0.6053617267071945
0,hardness,hand,PPT_003,PPT_013,0.8218775341642169
0,hardness,hand,PPT_003,PPT_014,0.7237068804761322
0,hardness,hand,PPT_003,PPT_015,0.8154983770641707
0,hardness,hand,PPT_003,PPT_016,0.8560887940221158
0,hardness,hand,PPT_003,PPT_017,0.7955721723757249
0,hardness,hand,PPT_003,PPT_018,0.49038515193951127
0,hardness,hand,PPT_003,PPT_019,0.8600122474639409
0,hardness,hand,PPT_003,PPT_020,0.8248339281720021
0,hardness,hand,PPT_004,PPT_005,0.9058823529411765
0,hardness,hand,PPT_004,PPT_006,0.6445455771659632
0,hardness,hand,PPT_004,PPT_007,0.7039771994004667
0,hardness,hand,PPT_004,PPT_008,0.7988228806268081
0,hardness,hand,PPT_004,PPT_009,0.834195111503272
0,hardness,hand,PPT_004,PPT_010,0.9254675553893995
0,hardness,hand,PPT_004,PPT_011,0.7938612890985172
0,hardness,hand,PPT_004,PPT_013,0.6902684899626333
0,hardness,hand,PPT_004,PPT_014,0.8691912338067455
0,hardness,hand,PPT_004,PPT_015,0.8291614294193781
0,hardness,hand,PPT_004,PPT_016,0.865980320601411
0,hardness,hand,PPT_004,PPT_017,0.6686310638657152
0,hardness,hand,PPT_004,PPT_018,0.8752827118754609
0,hardness,hand,PPT_004,PPT_019,0.7836580309690333
0,hardness,hand,PPT_004,PPT_020,0.7227170087215605
0,hardness,hand,PPT_005,PPT_006,0.5516248189017626
0,hardness,hand,PPT_005,PPT_007,0.6053025710326188
0,hardness,hand,PPT_005,PPT_008,0.6308047839636048
0,hardness,hand,PPT_005,PPT_009,0.7089184604824624
0,hardness,hand,PPT_005,PPT_010,0.9077552576785977
0,hardness,hand,PPT_005,PPT_011,0.7293319215536472
0,hardness,hand,PPT_005,PPT_013,0.6430706444951029
0,hardness,hand,PPT_005,PPT_014,0.7834546835332911
0,hardness,hand,PPT_005,PPT_015,0.7452143575243434
0,hardness,hand,PPT_005,PPT_016,0.7746694704699695
0,hardness,hand,PPT_005,PPT_017,0.5861567476179618
0,hardness,hand,PPT_005,PPT_018,0.8531423397369584
0,hardness,hand,PPT_005,PPT_019,0.7265006313973956
0,hardness,hand,PPT_005,PPT_020,0.5575245495852039
0,hardness,hand,PPT_006,PPT_007,0.9379626185154443
0,hardness,hand,PPT_006,PPT_008,0.7073172663625501
0,hardness,hand,PPT_006,PPT_009,0.8203993371603245
0,hardness,hand,PPT_006,PPT_010,0.6861585891522859
0,hardness,hand,PPT_006,PPT_011,0.6833228038624112
0,hardness,hand,PPT_006,PPT_013,0.8801775147928993
0,hardness,hand,PPT_006,PPT_014,0.8391421788121193
0,hardness,hand,PPT_006,PPT_015,0.8382579307204955
0,hardness,hand,PPT_006,PPT_016,0.8434278034209742
0,hardness,hand,PPT_006,PPT_017,0.838996483963421
0,hardness,hand,PPT_006,PPT_018,0.42339019740572553
0,hardness,hand,PPT_006,PPT_019,0.8840311937767372
0,hardness,hand,PPT_006,PPT_020,0.8372781065088757
0,hardness,hand,PPT_007,PPT_008,0.7911441268894036
0,hardness,hand,PPT_007,PPT_009,0.8110703315778495
0,hardness,hand,PPT_007,PPT_010,0.7442738177493371
0,hardness,hand,PPT_007,PPT_011,0.6530077614753144
0,hardness,hand,PPT_007,PPT_013,0.9084204887984223
0,hardness,hand,PPT_007,PPT_014,0.8934184058458848
0,hardness,hand,PPT_007,PPT_015,0.8399705014749261
0,hardness,hand,PPT_007,PPT_016,0.8952802359882005
0,hardness,hand,PPT_007,PPT_017,0.857669616519174
0,hardness,hand,PPT_007,PPT_018,0.4974143786944428
0,hardness,hand,PPT_007,PPT_019,0.7908384534759648
0,hardness,hand,PPT_007,PPT_020,0.7784351180435262
0,hardness,hand,PPT_008,PPT_009,0.7858197932053176
0,hardness,hand,PPT_008,PPT_010,0.7352079050194181
0,hardness,hand,PPT_008,PPT_011,0.6632658918704912
0,hardness,hand,PPT_008,PPT_013,0.6385811056815499
0,hardness,hand,PPT_008,PPT_014,0.7918553277676411
0,hardness,hand,PPT_008,PPT_015,0.7077492702303526
0,hardness,hand,PPT_008,PPT_016,0.8634688698326514
0,hardness,hand,PPT_008,PPT_017,0.6789669745692644
0,hardness,hand,PPT_008,PPT_018,0.5628704383498765
0,hardness,hand,PPT_008,PPT_019,0.7326309417484228
0,hardness,hand,PPT_008,PPT_020,0.827790322179787
0,hardness,hand,PPT_009,PPT_010,0.8439358346349658
0,hardness,hand,PPT_009,PPT_011,0.589569681662659
0,hardness,hand,PPT_009,PPT_013,0.6770142277827542
0,hardness,hand,PPT_009,PPT_014,0.872596422928233
0,hardness,hand,PPT_009,PPT_015,0.909963347439025
0,hardness,hand,PPT_009,PPT_016,0.9254615066411492
0,hardness,hand,PPT_009,PPT_017,0.6236164059902483
0,hardness,hand,PPT_009,PPT_018,0.7270718014427444
0,hardness,hand,PPT_009,PPT_019,0.7982059334481273
0,hardness,hand,PPT_009,PPT_020,0.8943091873549485
0,hardness,hand,PPT_010,PPT_011,0.6770507429886445
0,hardness,hand,PPT_010,PPT_013,0.7224280291398394
0,hardness,hand,PPT_010,PPT_014,0.8434727384598819
0,hardness,hand,PPT_010,PPT_015,0.8662253370429227
0,hardness,hand,PPT_010,PPT_016,0.8980066420709479
0,hardness,hand,PPT_010,PPT_017,0.6489299026652612
0,hardness,hand,PPT_010,PPT_018,0.8948148148148147
0,hardness,hand,PPT_010,PPT_019,0.80240699153047
0,hardness,hand,PPT_010,PPT_020,0.720947643834225
0,hardness,hand,PPT_011,PPT_013,0.714930246331818
0,hardness,hand,PPT_011,PPT_014,0.7655471144074087
0,hardness,hand,PPT_011,PPT_015,0.6747997351033743
0,hardness,hand,PPT_011,PPT_016,0.7101177613281612
0,hardness,hand,PPT_011,PPT_017,0.715377892893555
0,hardness,hand,PPT_011,PPT_018,0.533958817329198
0,hardness,hand,PPT_011,PPT_019,0.8181142175114265
0,hardness,hand,PPT_011,PPT_020,0.5824800112219233
0,hardness,hand,PPT_013,PPT_014,0.8213511785546184
0,hardness,hand,PPT_013,PPT_015,0.7355990299538445
0,hardness,hand,PPT_013,PPT_016,0.7813893310152283
0,hardness,hand,PPT_013,PPT_017,0.8522904423360809
0,hardness,hand,PPT_013,PPT_018,0.4485567476011707
0,hardness,hand,PPT_013,PPT_019,0.7920074688272816
0,hardness,hand,PPT_013,PPT_020,0.6360946745562129
0,hardness,hand,PPT_014,PPT_015,0.8497467522047022
0,hardness,hand,PPT_014,PPT_016,0.9230263066195676
0,hardness,hand,PPT_014,PPT_017,0.737236729264707
0,hardness,hand,PPT_014,PPT_018,0.7143924776929343
0,hardness,hand,PPT_014,PPT_019,0.7763833935939382
0,hardness,hand,PPT_014,PPT_020,0.769460761136908
0,hardness,hand,PPT_015,PPT_016,0.881268436578171
0,hardness,hand,PPT_015,PPT_017,0.7876106194690266
0,hardness,hand,PPT_015,PPT_018,0.7664468212572617
0,hardness,hand,PPT_015,PPT_019,0.8751945551800678
0,hardness,hand,PPT_015,PPT_020,0.8345651645058676
0,hardness,hand,PPT_016,PPT_017,0.7116519174041297
0,hardness,hand,PPT_016,PPT_018,0.7043624114350727
0,hardness,hand,PPT_016,PPT_019,0.8232251710945043
0,hardness,hand,PPT_016,PPT_020,0.8330880580200166
0,hardness,hand,PPT_017,PPT_018,0.44272097004156197
0,hardness,hand,PPT_017,PPT_019,0.8217188121355025
0,hardness,hand,PPT_017,PPT_020,0.7149195391519291
0,hardness,hand,PPT_018,PPT_019,0.6069004903015033
0,hardness,hand,PPT_018,PPT_020,0.5862325810233123
0,hardness,hand,PPT_019,PPT_020,0.8508423093687368
0,slipperiness,hand,PPT_001,PPT_002,0.7173480572874771
0,slipperiness,hand,PPT_001,PPT_003,0.6322070934762735
0,slipperiness,hand,PPT_001,PPT_004,0.46686354018817555
0,slipperiness,hand,PPT_001,PPT_005,0.6346906679704016
0,slipperiness,hand,PPT_001,PPT_006,0.6853369732314867
0,slipperiness,hand,PPT_001,PPT_007,0.810613624252296
0,slipperiness,hand,PPT_001,PPT_008,0.7113409776368732
0,slipperiness,hand,PPT_001,PPT_009,0.38291646829314085
0,slipperiness,hand,PPT_001,PPT_010,0.8023633729480183
0,slipperiness,hand,PPT_001,PPT_011,0.2607478944162223
0,slipperiness,hand,PPT_001,PPT_013,0.9039970588959798
0,slipperiness,hand,PPT_001,PPT_014,0.7311740917541014
0,slipperiness,hand,PPT_001,PPT_015,0.7433660661136052
0,slipperiness,hand,PPT_001,PPT_016,0.3362846489561547
0,slipperiness,hand,PPT_001,PPT_017,0.5036824313702083
0,slipperiness,hand,PPT_001,PPT_018,0.7550130524626523
0,slipperiness,hand,PPT_001,PPT_019,0.5917263354139387
0,slipperiness,hand,PPT_001,PPT_020,0.7435428411646139
0,slipperiness,hand,PPT_002,PPT_003,0.6182359000341204
0,slipperiness,hand,PPT_002,PPT_004,0.3673327581146182
0,slipperiness,hand,PPT_002,PPT_005,0.6103703703703703
0,slipperiness,hand,PPT_002,PPT_006,0.7751487771230886
0,slipperiness,hand,PPT_002,PPT_007,0.7855038180388552
0,slipperiness,hand,PPT_002,PPT_008,0.7487084184509221
0,slipperiness,hand,PPT_002,PPT_009,0.186253229466567
0,slipperiness,hand,PPT_002,PPT_010,0.7039232128196591
0,slipperiness,hand,PPT_002,PPT_011,0.05353196840945647
0,slipperiness,hand,PPT_002,PPT_013,0.7546332688665882
0,slipperiness,hand,PPT_002,PPT_014,0.5077836828817417
0,slipperiness,hand,PPT_002,PPT_015,0.5899335442873483
0,slipperiness,hand,PPT_002,PPT_016,0.18208739259057424
0,slipperiness,hand,PPT_002,PPT_017,0.6060620958832735
0,slipperiness,hand,PPT_002,PPT_018,0.8202116455932673
0,slipperiness,hand,PPT_002,PPT_019,0.4803278431037183
0,slipperiness,hand,PPT_002,PPT_020,0.5356088981249206
0,slipperiness,hand,PPT_003,PPT_004,0.3210073220826676
0,slipperiness,hand,PPT_003,PPT_005,0.8035584120347561
0,slipperiness,hand,PPT_003,PPT_006,0.5433025978315288
0,slipperiness,hand,PPT_003,PPT_007,0.7098463097008666
0,slipperiness,hand,PPT_003,PPT_008,0.45784224048196126
0,slipperiness,hand,PPT_003,PPT_009,0.32914345236586884
0,slipperiness,hand,PPT_003,PPT_010,0.6792600046753112
0,slipperiness,hand,PPT_003,PPT_011,0.2857155511097994
0,slipperiness,hand,PPT_003,PPT_013,0.7618694362017805
0,slipperiness,hand,PPT_003,PPT_014,0.4117210682492582
0,slipperiness,hand,PPT_003,PPT_015,0.6925933526405846
0,slipperiness,hand,PPT_003,PPT_016,0.2911114305751334
0,slipperiness,hand,PPT_003,PPT_017,0.32988310057343256
0,slipperiness,hand,PPT_003,PPT_018,0.6565072092901515
0,slipperiness,hand,PPT_003,PPT_019,0.48662758029166703
0,slipperiness,hand,PPT_003,PPT_020,0.6020788593087176
0,slipperiness,hand,PPT_004,PPT_005,0.6134530970525818
0,slipperiness,hand,PPT_004,PPT_006,0.4627307533205746
0,slipperiness,hand,PPT_004,PPT_007,0.5970481330723204
0,slipperiness,hand,PPT_004,PPT_008,0.5523598820058996
0,slipperiness,hand,PPT_004,PPT_009,0.911504424778761
0,slipperiness,hand,PPT_004,PPT_010,0.7230436248241102
0,slipperiness,hand,PPT_004,PPT_011,0.7730106458180044
0,slipperiness,hand,PPT_004,PPT_013,0.5288484684080813
0,slipperiness,hand,PPT_004,PPT_014,0.7647962466209176
0,slipperiness,hand,PPT_004,PPT_015,0.3264405333730916
0,slipperiness,hand,PPT_004,PPT_016,0.9172831277135289
0,slipperiness,hand,PPT_004,PPT_017,0.8333333333333331
0,slipperiness,hand,PPT_004,PPT_018,0.6197266533017696
0,slipperiness,hand,PPT_004,PPT_019,0.9066756215318418
0,slipperiness,hand,PPT_004,PPT_020,0.5558883370258983
0,slipperiness,hand,PPT_005,PPT_006,0.5088762964319513
0,slipperiness,hand,PPT_005,PPT_007,0.8483737093131515
0,slipperiness,hand,PPT_005,PPT_008,0.5343693845409839
0,slipperiness,hand,PPT_005,PPT_009,0.6481908025483304
0,slipperiness,hand,PPT_005,PPT_010,0.7927463311565246
0,slipperiness,hand,PPT_005,PPT_011,0.514501696379776
0,slipperiness,hand,PPT_005,PPT_013,0.7524093987225807
0,slipperiness,hand,PPT_005,PPT_014,0.6308378308501638
0,slipperiness,hand,PPT_005,PPT_015,0.5595856455222527
0,slipperiness,hand,PPT_005,PPT_016,0.526276976145928
0,slipperiness,hand,PPT_005,PPT_017,0.5742807908552482
0,slipperiness,hand,PPT_005,PPT_018,0.8573589121509334
0,slipperiness,hand,PPT_005,PPT_019,0.7230901378408372
0,slipperiness,hand,PPT_005,PPT_020,0.6810096516325168
0,slipperiness,hand,PPT_006,PPT_007,0.7141802067946825
0,slipperiness,hand,PPT_006,PPT_008,0.6715868987587288
0,slipperiness,hand,PPT_006,PPT_009,0.30996318404249024
0,slipperiness,hand,PPT_006,PPT_010,0.7856617075688512
0,slipperiness,hand,PPT_006,PPT_011,0.2590977822191815
0,slipperiness,hand,PPT_006,PPT_013,0.6447092135030811
0,slipperiness,hand,PPT_006,PPT_014,0.7142874753507156
0,slipperiness,hand,PPT_006,PPT_015,0.5528456794557863
0,slipperiness,hand,PPT_006,PPT_016,0.36585375846338797
0,slipperiness,hand,PPT_006,PPT_017,0.6841330276366391
0,slipperiness,hand,PPT_006,PPT_018,0.6869504250548648
0,slipperiness,hand,PPT_006,PPT_019,0.6226877464203848
0,slipperiness,hand,PPT_006,PPT_020,0.7325958083837203
0,slipperiness,hand,PPT_007,PPT_008,0.7143913384598346
0,slipperiness,hand,PPT_007,PPT_009,0.46715879880689604
0,slipperiness,hand,PPT_007,PPT_010,0.8632670502732064
0,slipperiness,hand,PPT_007,PPT_011,0.2509313764758835
0,slipperiness,hand,PPT_007,PPT_013,0.7757236001736268
0,slipperiness,hand,PPT_007,PPT_014,0.7076257268759422
0,slipperiness,hand,PPT_007,PPT_015,0.5905397030550444
0,slipperiness,hand,PPT_007,PPT_016,0.3769402359925816
0,slipperiness,hand,PPT_007,PPT_017,0.6132842998554985
0,slipperiness,hand,PPT_007,PPT_018,0.9554990793419719
0,slipperiness,hand,PPT_007,PPT_019,0.668648032465699
0,slipperiness,hand,PPT_007,PPT_020,0.7681515200140727
0,slipperiness,hand,PPT_008,PPT_009,0.41076696165191734
0,slipperiness,hand,PPT_008,PPT_010,0.6410642148593745
0,slipperiness,hand,PPT_008,PPT_011,0.2707762818844257
0,slipperiness,hand,PPT_008,PPT_013,0.7426068003940052
0,slipperiness,hand,PPT_008,PPT_014,0.5931978624661276
0,slipperiness,hand,PPT_008,PPT_015,0.6861159626778328
0,slipperiness,hand,PPT_008,PPT_016,0.38109347334958205
0,slipperiness,hand,PPT_008,PPT_017,0.6932153392330382
0,slipperiness,hand,PPT_008,PPT_018,0.7012696339993708
0,slipperiness,hand,PPT_008,PPT_019,0.5948206896160694
0,slipperiness,hand,PPT_008,PPT_020,0.5336824114456361
0,slipperiness,hand,PPT_009,PPT_010,0.656573832960811
0,slipperiness,hand,PPT_009,PPT_011,0.8909652453238227
0,slipperiness,hand,PPT_009,PPT_013,0.4622801297273438
0,slipperiness,hand,PPT_009,PPT_014,0.7011865007704351
0,slipperiness,hand,PPT_009,PPT_015,0.33973449174575143
0,slipperiness,hand,PPT_009,PPT_016,0.9379626185154443
0,slipperiness,hand,PPT_009,PPT_017,0.7020648967551621
0,slipperiness,hand,PPT_009,PPT_018,0.47665578716870555
0,slipperiness,hand,PPT_009,PPT_019,0.8785271953731735
0,slipperiness,hand,PPT_009,PPT_020,0.521839251136163
0,slipperiness,hand,PPT_010,PPT_011,0.47177288932381967
0,slipperiness,hand,PPT_010,PPT_013,0.7903712377192552
0,slipperiness,hand,PPT_010,PPT_014,0.8503713035629851
0,slipperiness,hand,PPT_010,PPT_015,0.6279585798816568
0,slipperiness,hand,PPT_010,PPT_016,0.5880177514792899
0,slipperiness,hand,PPT_010,PPT_017,0.680946089977354
0,slipperiness,hand,PPT_010,PPT_018,0.795105700454248
0,slipperiness,hand,PPT_010,PPT_019,0.8620215993074558
0,slipperiness,hand,PPT_010,PPT_020,0.8480376789408697
0,slipperiness,hand,PPT_011,PPT_013,0.3906267300329288
0,slipperiness,hand,PPT_011,PPT_014,0.5453893202174035
0,slipperiness,hand,PPT_011,PPT_015,0.25631755404207524
0,slipperiness,hand,PPT_011,PPT_016,0.9390880820556032
0,slipperiness,hand,PPT_011,PPT_017,0.6387352841164124
0,slipperiness,hand,PPT_011,PPT_018,0.30872491805367486
0,slipperiness,hand,PPT_011,PPT_019,0.7287638495430828
0,slipperiness,hand,PPT_011,PPT_020,0.390916835331017
0,slipperiness,hand,PPT_013,PPT_014,0.6750741839762612
0,slipperiness,hand,PPT_013,PPT_015,0.7711119573249717
0,slipperiness,hand,PPT_013,PPT_016,0.43555603353226074
0,slipperiness,hand,PPT_013,PPT_017,0.5436414325593564
0,slipperiness,hand,PPT_013,PPT_018,0.7933105235703188
0,slipperiness,hand,PPT_013,PPT_019,0.6500750118400133
0,slipperiness,hand,PPT_013,PPT_020,0.6020788593087176
0,slipperiness,hand,PPT_014,PPT_015,0.6311118036896022
0,slipperiness,hand,PPT_014,PPT_016,0.6503710840838858
0,slipperiness,hand,PPT_014,PPT_017,0.73373102190324
0,slipperiness,hand,PPT_014,PPT_018,0.6743511198484342
0,slipperiness,hand,PPT_014,PPT_019,0.8974749877745554
0,slipperiness,hand,PPT_014,PPT_020,0.7780254556788361
0,slipperiness,hand,PPT_015,PPT_016,0.2677514792899408
0,slipperiness,hand,PPT_015,PPT_017,0.35081279038963464
0,slipperiness,hand,PPT_015,PPT_018,0.5167073459534608
0,slipperiness,hand,PPT_015,PPT_019,0.5289340794373631
0,slipperiness,hand,PPT_015,PPT_020,0.5796900917235664
0,slipperiness,hand,PPT_016,PPT_017,0.7621869466991641
0,slipperiness,hand,PPT_016,PPT_018,0.4179687295571817
0,slipperiness,hand,PPT_016,PPT_019,0.8427336805621943
0,slipperiness,hand,PPT_016,PPT_020,0.439585964695748
0,slipperiness,hand,PPT_017,PPT_018,0.6627220431241412
0,slipperiness,hand,PPT_017,PPT_019,0.8437120367032417
0,slipperiness,hand,PPT_017,PPT_020,0.5973393981090547
0,slipperiness,hand,PPT_018,PPT_019,0.6485482065934935
0,slipperiness,hand,PPT_018,PPT_020,0.6480661937386537
0,slipperiness,hand,PPT_019,PPT_020,0.7011154354183974
